text,true_label,pred_classical,prob_classical,conf_classical,pred_bert_raw,prob_bert_raw,conf_bert_raw,pred_bert_calibrated,prob_bert_calibrated,conf_bert_calibrated
minjy take care ye mungkin you boleh sembang sembang dengan kawan rapat you and luahkan apa di hati or do something that can give you satisfaction like house chore or running to get out from the depression,1,1,0.8668553840253033,0.8668553840253033,1,0.9998969,0.9998969,1,0.99368083,0.99368083
nicsknots what up,0,0,0.10909243327686623,0.8909075667231338,0,0.0006091125,0.9993909,0,0.01664109,0.9833589
i tried to change thing and live happier but nothing i do work so im just gon na give up bye,1,0,0.45042768000149674,0.5495723199985032,1,0.999361,0.999361,1,0.9829207,0.9829207
fuck everything i m done,1,1,0.5601460370936183,0.5601460370936183,1,0.98905945,0.98905945,1,0.92286474,0.92286474
school at least last day,0,0,0.18556739504787254,0.8144326049521274,0,0.00069916656,0.99930084,0,0.017932035,0.98206794
leitora9 how depression look like,1,1,0.997106346097126,0.997106346097126,1,0.99981564,0.99981564,1,0.99131835,0.99131835
welcome to my dark side via smedian network life parenting mentalhealth depression motherhood http t co kciu zdx,1,1,0.9156930008428286,0.9156930008428286,1,0.9998828,0.9998828,1,0.9932255,0.9932255
zahidmunir 9 stress depression anxiety garmiii parhai error,1,1,0.984334966297554,0.984334966297554,1,0.9998653,0.9998653,1,0.9926877,0.9926877
this week just seems to get longer and longer in term of how much i need to do and how much i m actually going to get done,0,0,0.4855845880474924,0.5144154119525076,1,0.9827901,0.9827901,1,0.9028065,0.9028065
anyone ever had a delayed response to an anxiety inducing event like even when you were having anxiety during the event i had something super duper stressful happen on sunday and last night i wa horribly nauseous all night long and my fianc think it wa a delayed response to what happened on sunday any insight,1,1,0.645382619589056,0.645382619589056,1,0.99989593,0.99989593,1,0.9936498,0.9936498
emperoremil yup i m at work i m on midshift na e,0,0,0.11361667672786757,0.8863833232721324,0,0.00044391022,0.99955606,0,0.014014902,0.9859851
i m 0 and i m alone and it s tough to pretend i m a whole person amp x 00b i haven t made a friend since high school i m starting to befriend someone at work but it s giving me a lot of anxiety because when am i going to say the thing that make her hate me it feel like i have to do everything right to be social or maybe i m missing something that everyone else ha or maybe i m just not cut out to be social but to have friend you have to answer them when they fucking text regardless of what s going on in my life and i just don t have the energy to keep up with that i recently had someone tell me i wa probably not doing well on bumble bff because i m a slow responder sometimes i don t know what to say sometimes word aren t happening in my brain sometimes i m just too tired maybe missing out on social thing for all of my 0 s is something i m never going to be able to recover from amp x 00b i ve been in a lot of workplace where i wa the loser i had no friend i d catch people saying mean thing about me they all get together with each other and i m not invited i ve been in multiple situation where group of people don t like me and do shitty passive aggressive thing to me every chance they get i don t know what i do wrong i try to just be a genuine kind person i get feedback that i m nice i know i m not perfect but at least i ve had some feedback that i m not totally delusional to think i m a nice person but there have also been a few time where i know what i said there have been a few time when i can pinpoint the off comment that make someone turn on me and it must be more than one off comment because it s always easy for that person to get a group to turn on me it s terrifying to feel like at any moment i can slip up and someone will just decide i m not worth their time amp x 00b and i never feel like i say the right thing some of my coworker s response are lackluster think lol and i just wonder if she even want to talk to me making friend give me the same anxiety that trying to date someone give me that s kind of fucked up i should probably not care so much whether or not someone decides they want to be my friend but also it affect me i feel like i m not worthy of friendship because so many people have decided i m not worth their time and honestly this is a big moment for me because this is the moment i realize i ve internalized all that rejection and got to where i don t feel good enough for friendship why would someone pick me when i m a ball of nerve why would someone want to hang out with someone who only feel like half a person amp x 00b lately i ve been doing okay relative to the last 0 year i finally got a job that doesn t feel like chinese water torture i m on medication and that help a ton i m a lot better about not letting myself slip into negative thought pattern this week i haven t been feeling the overwhelming cloud of misery because i finally got medication that isn t expired and i m taking it regularly but every time i think about social stuff it just give me this squished feeling i can t name the feeling but it s visceral my body feel shitty i m going on a vacation with my mom and her work friend in a month and i m so fucking nervous because what if i do the thing that make everyone hate me i don t even know what the fucking thing is but spending four day with people who are talking crap about you in a small space i did that around this time last year and it wa so bad amp x 00b okay amp x 00b i m a solution oriented person and part of my problem is that i don t know how to fix this part of my life i don t really know what the solution is to feeling unworthy of friendship it took me eight year to figure out the solution to hating myself and honestly even though it s a struggle it s also worth it to fight through those feeling and find an even timbre social situation are just approached totally differently from a mental health perspective i ve googled how to feel le lonely and the fucking answer wa make friend how do you make friend when you feel like nobody want to be your friend and for good reason therapist have basically told me to find a group and the friendship will happen naturally but there s not a huge meet up scene in my area and i have a ton of anxiety about going to one and the few i have been to were not great i couldn t read the book on how to influence people and never feel powerless again i got halfway through it and it honestly felt like customer service kiss as bullshit but this time i m not even getting paid for it that book make me feel like i have to scrub my personality clean and poke myself into a small box to be socially acceptable amp x 00b i just don t know i m going to keep trying different thing i m going to keep putting myself out there because the only other choice is to keep doing thing the same shitty way with the same shitty outcome amp x 00b i needed this rant today and if anyone actually manages to read all that thanks for your time and i hope both our day get better,1,1,0.9997327422048856,0.9997327422048856,1,0.99990785,0.99990785,1,0.9940599,0.9940599
i ve got one of those spot that doesn t really show yet but hurt like hell and will no doubt be a beauty tomorrow,0,0,0.21114631012278645,0.7888536898772136,0,0.0014325462,0.99856746,0,0.026405701,0.9735943
whykay it s lashing down here,0,0,0.10909243327686623,0.8909075667231338,0,0.00061227503,0.99938774,0,0.01668788,0.98331213
kupavet depression mental illness ain t child s play,1,1,0.9056898590483539,0.9056898590483539,1,0.9998722,0.9998722,1,0.9928948,0.9928948
sometimes i think i wa either born too early or too late for my life the shape of water anyone else feel this way sometimes i feel like somehow i wasn t supposed to be here i don t seem to fit in with my life finding someone i click with ha become like finding life on other planet at it s difficult not to momentarily succumb to feeling of quiet heart heavy despair,1,1,0.8992428635211198,0.8992428635211198,1,0.9998964,0.9998964,1,0.99366623,0.99366623
is alone downstairs working,0,0,0.18923210873851395,0.8107678912614861,0,0.0008156664,0.9991843,0,0.019491602,0.9805084
conflict in the very north part of the world result in economic depression at the eastofafrica many day away politics will still play super opportunist promise are in the way of this fiesta the ongoing conflict serving a an additive to promote political ambition,1,1,0.5814000160384627,0.5814000160384627,1,0.9999001,0.9999001,1,0.99379236,0.99379236
beeen awake for awile sick,0,0,0.0449389896204213,0.9550610103795787,0,0.0005268548,0.99947315,0,0.015381566,0.9846184
i m in a confused state whether to implement a tab interface in the application currently i m working in,0,0,0.14483678850079595,0.855163211499204,0,0.002699489,0.9973005,0,0.03705518,0.9629448
can t sleep it s 0 am ugh i m not even sleepy,0,0,0.07400857559388474,0.9259914244061153,0,0.0006074142,0.99939257,0,0.01661592,0.9833841
nationwideclass no it s not behaving at all i m mad why am i here because i can t see you all over there,0,0,0.14129911638938655,0.8587008836106135,0,0.0010127734,0.9989872,0,0.021908756,0.97809124
ever since my girlfriend moved 0 minute away to college i find myself worrying that she s in danger or dead when i don t hear from her for a while i m still a senior in highschool during the day i m usually not worried about her safety but at night if i don t hear from her by the time i m going to bed at like 0 pm i start to agonize and worry that she s dead she doe taekwondo every evening until or 9 and then take a 0 minute trip from the dojo back to her dorm and if i don t hear from her by the time i go to bed i start to lose sleep over my anxiety this happens any time i have a reason to expect to hear from her and i don t she assures me that the school campus is safe and i have nothing to worry about she s also a very safe driver and she s tall and athletic and therefore probably difficult to kidnap but i hate to think about that i could ask her to check in with me more or to check in at certain time but i feel strongly against being overbearing or controlling and i don t want to cross her boundary i think it annoys her a little bit already how much i worry about her and how i panic if i don t hear from her but she also try to reassure me the best she can i can t seem to ever fight my anxiety with logic i only feel better after hearing from her i don t feel this way when i m with her and i didn t even feel this way when we lived in the same town but in different house any advice on how to stop worrying so much about her safety,1,1,0.9284748484896873,0.9284748484896873,1,0.9999058,0.9999058,1,0.99398863,0.99398863
feeling ill today too so not having a great day,0,0,0.14920939187274768,0.8507906081272523,0,0.0008843012,0.9991157,0,0.020361608,0.9796384
ooops just ate a panini from w mart cold that say it needed to be thoroughly cooked it didn t taste raw i die nao from f poisoning,0,0,0.19528561084656965,0.8047143891534303,0,0.0006420449,0.99935794,0,0.017122906,0.9828771
i m in one of those day when i really just want to work from home crap,0,0,0.14036913879460924,0.8596308612053908,0,0.0012866356,0.9987134,0,0.024923945,0.9750761
i have to wake up in hour laameeee,0,0,0.23596880299892317,0.7640311970010768,0,0.0005888779,0.9994111,0,0.01633901,0.983661
i have been suffering for eight long month after a girl i thought would be interested in being my girlfriend ended thing and left me out to dry it wa a pretty short span of dating and hooking up we talked during the summer and only saw each other in person for a few week but the aftermath ha been the worst thing i ve ever gone through in my entire life i have alienated myself from her because i couldn t stop texting her and asking what i did wrong or saying thing i thought i did to make her not interested and expect her to confirm i am on a no contact basis with her now which is probably for the best because i don t think she even cared that much about me to begin with i can t handle the fluidity of dating how people can just leave something if it isn t working out for them for whatever reason and not know what that reason is i ve already come up with every possible situation or reason in my head that it didn t work out and it s honestly been driving me over the edge since last summer i can t take this anymore luckily it s never gotten so bad that i threatened her with suicide because i remember her saying she had an ex who did that to her and it sound like an awful thing to have done to you but that thought did cross my mind where i wanted to present that a an ultimatum to her if she couldn t just tell me what the exact reason or reason were she wanted to end it but i would never actually do that due to it being shitty to put another person through it s not enough for me to accept that we lived more than three hour from each other or she had a bad long term relationship end and wasn t trying to get into anything serious or she told me she wa feeling suffocated by me it s like the spongebob episode with patrick s secret box i just want so badly to hear what it might have been like she would tell her girl friend behind closed door no matter how bad it might sting or hurt but i know i ll never know precisely what she wa thinking it is so difficult to just move on or let it go like people always say for dating situation like this that to me just sound impossible i just hate dating i hate how some people have such ease jumping from date to date or going on multiple date with multiple people at once or talking to many people at one time it just make me feel so overwhelmed and upset that that seems to be the norm in society i can t take it it make me want to die just knowing that s what i m going to have to deal with if i want to have any hope of finding someone to be with let alone get over this last girl,1,1,0.9959366201795381,0.9959366201795381,1,0.9999043,0.9999043,1,0.99393433,0.99393433
chocolate covered strawberry and cottage cheese you have defeated me,0,0,0.09539892151684136,0.9046010784831586,0,0.00076733076,0.99923265,0,0.0188581,0.9811419
mattpro legitimately good cop out there,0,0,0.12429260371615197,0.875707396283848,0,0.00072363106,0.99927634,0,0.018269068,0.98173094
sorting brekkie for the kid then off to the horrible place called work boohoo,0,0,0.18974968358938163,0.8102503164106184,0,0.00049959193,0.9995004,0,0.014944178,0.9850558
omg more than 0 people is the death toll in italy,0,0,0.1704812529081977,0.8295187470918023,0,0.002306164,0.99769384,0,0.034073196,0.9659268
i ve rewritten this time within the past hour it s already am and yet still had the patience for it i want to kill myself and i m stupid if i end up doing it my reasoning it wa for a boy and my effortless attempt at making him happy without me in the picture he ha reddit so i m hoping he doesn t see this due to the fact we follow each other but if he doe thanks for everything thanks for the laugh on the voicecall today and for making me smile everytime i open up the chat i love you and i could only pray that you d love me too,1,1,0.6418411875982551,0.6418411875982551,1,0.9998975,0.9998975,1,0.9937022,0.9937022
throwaway account for privacy reason i just graduated with an advanced degree and got into job search i ve been struggling with depression for year and i think at first it wa the high functioning kind but in the last few year it seemed to have turned to the demotivational kind of depression i m tired all the time and i always pick the easy thing to do easy entertainment watch thing mindlessly easy way to go to sleep scroll on my phone until i m too tired to stay awake etc it come and go in wave too sometimes i d get the energy to do thing or to do something along the line of self improvement other time i would just want to sleep i ve learned that some thing trigger depressive episode much faster than others but i m not sure how to let these trigger pas without the episode full on hitting me for instance one of the trigger is a perceived sense of being excluded from thing or being rejected or being shown or told that i m not good enough can you tell that i suffer from an inferiority complex anyway today that trigger came from one of my tennis group friend who wanted to set up a play session every two week for advanced player in our amateur tennis group this doesn t conflict with any of our other scheduled play session and i know that i m not good enough to be in the advanced group all of my tennis friend are good people and i know that there s always going to be room in the advanced group for people who improve and get to that level even knowing all this i got so depressed over the span of about minute that i just stopped functioning i think that since this group of friend ha been my only real support for the last few year anything that happens in the group that i see a a rejection of myself just instantly take me down now that i m in the middle of it it feel like the only thing i can do is wait for it to pas because talking out of it or building myself up don t work when all i can think about is how i ve failed everything and that i ve never and will never live up to anyone s standard including my own sorry for the long selfish post i m struggling daily with imposter syndrome and a sense of inadequacy the trigger just happened to be this particular thing today,1,1,0.9721064380286092,0.9721064380286092,1,0.9999076,0.9999076,1,0.99405175,0.99405175
macbatchelor ah won t be at rehearsal tonight we are awaiting the imminent arrival,0,0,0.06791264835352832,0.9320873516464717,0,0.00053650467,0.9994635,0,0.015533859,0.98446614
twxtd jordan i wish i could i have to keep my door open for other people that may need me,0,0,0.3795218341875854,0.6204781658124146,0,0.00076656125,0.9992334,0,0.018847868,0.9811521
so many channel yet so so boring lazy day again may have to find a hobby,0,0,0.11871807744949896,0.8812819225505011,0,0.00045525382,0.99954474,0,0.014208419,0.98579156
oh no my computer suck i don t think i ll be able to listen to the xbox 0 fancast tonite,0,0,0.0844729451087117,0.9155270548912883,0,0.0005209315,0.99947906,0,0.0152874505,0.98471254
need some help want to buy a macbook pro but still inlove with my old powerbook,0,0,0.20565033725524104,0.7943496627447589,0,0.0006187981,0.9993812,0,0.016784027,0.983216
being loved by everyone having money to take care of my family giving back traveling the world getting up each morning working on project having no insecurity being respected being king,1,0,0.33750025134379297,0.662499748656207,1,0.99981123,0.99981123,1,0.9912053,0.9912053
i guess i just need to vent too i m a timid and shy person with social anxiety i m afraid of what people think of me i m afraid of being judged negatively i m afraid of being rejected im afraid of taking my mask off in class in fear of catfishing today i didn t have my mask on for a split second and went to the bathroom to throw something away i see classmate and i immediately froze and walked out before they could even say hi they probably think i hate them now i couldn t even think it s like my body moved itself i did take my mask off without thinking once and the lady complimented me on how pretty i wa i wa so shocked i know i m not ugly and that beauty is in the eye of the beholder but i still can t help but feel ugly i m afraid of speaking up and asking question i cant make eye contact with people bc i m scared i might see disgust in their eye i m scared of applying for certain job bc i m afraid i won t be able to do it so i settle for the easiest and worst retail job im afraid for my career in design bc i feel like i won t be able to sell myself to people im afraid of talking to people bc i ll stumble over my word i m afraid of falling in love for fear of being left and if i do fall in love it ll turn into obsession and infatuation from fear of them leaving cheating growing up i ve had to deal with domestic abuse violence when it came to my parent my father wa quite the bully always saying i couldn t do anything hell that man ha never said a nice thing in his life in middle school i ve dealt with rejection and it wa quite painful and other teen asking me out a a joke i spent the rest of highschool in online school so i never really got to experience that vital part of life i ve been in therapy for year on and off but it just didn t work for me talking about my shitfuck dad all day doesnt help with my fear how can i stop this fear that ha taken over my life,1,1,0.9849983464567418,0.9849983464567418,1,0.999905,0.999905,1,0.9939586,0.9939586
hi everyone i m new to this sub and am just seeking advice support this weekend i entered into a huge depressive episode after not having one for many month i struggle with depression anxiety and ocd but it s been getting better a i ve built a routine and stuff like that this week though i had some personal issue one of which wa feeling heartbroken by a very manipulative ex and trying to get myself out of that rut the other is having to move back to my college town i am from a large city that i feel very much at home in and at college i have literally no friend and hate the small town where it s located it feel toxic for me and i never know what to do with myself i never go out and mostly just sleep to pas time today i had a particularly hard time going back cried my eye out began to feel this raw sense of loneliness and longing had trouble saying goodbye to family etc with my anxiety i also struggle with being worried that my family will die before we see each other next which is a whole other issue but it doe complicate thing can anyone help and provide some advice i do go to therapy and am not open to taking medication right now mostly i m just wondering what people do when they feel these profoundly heavy episode since it s been a while for me what is your go to activity how do you take care of yourself and get back on your foot any tip for detoxing from the internet social medium i think this might trigger me to think about my ex and stuff thank you and sending love to all,1,1,0.9917316778679109,0.9917316778679109,1,0.9999056,0.9999056,1,0.9939797,0.9939797
i think i m just a bother to everyone i m going to hurt someone depression imheret 0,1,1,0.9689359379302241,0.9689359379302241,1,0.99988174,0.99988174,1,0.99318975,0.99318975
my year old daughter biological father and his family are all abusive and narcissistic we are a year no contact now but she continues to have no change with constant insecurity fear anxiety depression headache confusion control it s almost like she is addicted to her anxiety need advice on what to do to help her break this cycle she is pushing all of her feeling that have been broken from abuse and inadvertently teaching her younger sister to be the same way my stamen in the matter is getting thin her anxiety make mine shoot through the roof especially when she know when she is being very unreasonable about several repeating subject and then continues being unreasonable while trying to hide that she is enjoying it,1,1,0.9549035369953978,0.9549035369953978,1,0.9999044,0.9999044,1,0.9939375,0.9939375
now i regret ever seeking help the hotline had me wait so long and basically just mirror my word what s the point of looking for help anyway they just add to thing i fail again,1,0,0.49165158646671575,0.5083484135332843,1,0.9997913,0.9997913,1,0.99071044,0.99071044
this doesnt feel real anymore i dont feel like myself everything is the absolute worst it can be and it just doesnt feel right to be alive i feel like im in a coma or a dream and i ll just wake up when this is all over i just want that to happen a soon a possible,1,1,0.8958111017223009,0.8958111017223009,1,0.9998877,0.9998877,1,0.9933816,0.9933816
i m really desperate i m a yr old guy with no job even if i graduated from college no girlfriend never kissed or hugged a girl in my life no real friend most of them are toxic amp manipulative nothing special about me i don t know if i m pretty or ugly smart or dumber i m so confused about my self image it s like i live in hell get rejected by ton of girl ton of job offer i feel like i will live my whole life virgin single jobless loser i m too nice too shy always extremely anxious and stressful dealing with brain fog bad accent shitty voice low self esteem zero talent nothing good about me maybe i m only good at math amp coding i can t hold a good conversation with anyone only with my mom amp my brother i feel kinda confident speaking and it s been a while i m depressed living with a dark mood i feel like i m a loser amp i can do nothing i can t even go to gym practice favorite hobby or enjoying any movie youtube video video game etc i don t know what to do with my life i only think about option therapy ending my life sorry for my english it s not my native langage,1,1,0.962927825004322,0.962927825004322,1,0.99990654,0.99990654,1,0.99401397,0.99401397
quandotcom i miss mine too,0,0,0.040120783273510194,0.9598792167264898,0,0.0005476478,0.99945235,0,0.015708124,0.98429185
waiting for my flight slumming it in the departure lounge,0,0,0.09034982177403501,0.909650178225965,0,0.00067223265,0.9993278,0,0.017554518,0.9824455
i m not fat and dumb it s just how my life s been for a long time now and i don t see any change happening in the next few month or year idk,1,1,0.7077851044462923,0.7077851044462923,1,0.98991066,0.98991066,1,0.9260146,0.9260146
sentricmusic suffice to say their offer wa ignored then emi com launched and they all laughed rather a lot,0,0,0.19920723197604145,0.8007927680239586,0,0.000650098,0.9993499,0,0.017238956,0.982761
it doesn t help that they just split up meaning it s harder to spend time with them know i have many year left with them but i m only 9 they re amp 0 but i can see them ageing physically they re slowing down and all i want is to freeze time it hurt my heart,1,1,0.6466534607326739,0.6466534607326739,1,0.9998975,0.9998975,1,0.9937028,0.9937028
adriii omgosh they re like biscuit so so so yum xd you haven t lived until you ve eaten them missy p amp i miss you too x,0,0,0.11872083904471815,0.8812791609552818,0,0.00048814737,0.99951184,0,0.014757269,0.9852427
i don t want to wake up early tomorrow damn you work,0,0,0.1124850055552482,0.8875149944447518,0,0.0007954225,0.9992046,0,0.019228484,0.98077154
candy say thats really great to hear i ve always loved cooking cooking is so good for your emotional wellbeing that and some therapist are now recommending cooking class a a way to treat depression and anxiety a well a eating disorder adhd and addiction,1,1,0.7692844714533501,0.7692844714533501,1,0.9998981,0.9998981,1,0.993722,0.993722
hert jesus camp yeah,0,0,0.07685682375798632,0.9231431762420137,0,0.0007000433,0.99929994,0,0.017944198,0.9820558
i m tired depressed and can t go through this alone anymore i haven t been kind to myself i ve taken a pill because i don t want to stay awake even though it s really early can you leave me a comment so that i won t wake up to zero notification maybe something to make me get out of the bed a little easier,1,1,0.7400174749701973,0.7400174749701973,1,0.99989414,0.99989414,1,0.99359107,0.99359107
wish i wa on the spring fling tour with dawn amp neecee sigh g knight,0,0,0.09545022102721326,0.9045497789727868,0,0.00054992794,0.9994501,0,0.015743574,0.98425645
uncertainty loss and isolation during the covid 9 period have contributed to depression and anxiety exercise is essential to help maintain good mental health and reduce the risk of depression and anxiety brainhealth healthylifestyle avivclinics http t co kpli i bb,1,1,0.9961792043930072,0.9961792043930072,1,0.9998995,0.9998995,1,0.9937716,0.9937716
people dying in the street everyone is so isolated possibility of nuclear war the list go on and on and on i already have shitty mental health and i don t think i can handle the pressure of the modern world much longer inb this is the best time to be alive hurrdurr no it s not i just want to live like a human is supposed to live in a small tribe in which we all care for each other spend all day everyday with other people be a part of a community our society ha completely removed u from the joy of being a human i feel like i m in a spaceship in the middle of deep space with no hope for any human connection,1,1,0.9313629687634835,0.9313629687634835,1,0.9999018,0.9999018,1,0.9938467,0.9938467
i wan na go home,0,0,0.13075875688663266,0.8692412431133674,0,0.00072407397,0.9992759,0,0.018275123,0.98172486
brandzhd takin a break from the club please dont tell me where u at,0,0,0.30686316702325994,0.69313683297674,0,0.00052979804,0.9994702,0,0.01542815,0.9845719
i had more hopeful talk with friend and family i can t see all tryied to convince me it get better but at the end of the night i cry myself to sleep alone wishing i had cut just a little bit deeper the first time i don t care if it get better anymore i don t care if i never speak to anyone again i just want this to stop i hate this just believe shit,1,1,0.8874100617170693,0.8874100617170693,1,0.9998976,0.9998976,1,0.99370736,0.99370736
opps a i said i still got one day remain and now problem come,0,0,0.310965211618708,0.689034788381292,0,0.00061613834,0.99938387,0,0.016744886,0.9832551
so much for my roast tonight still frozen solid,0,0,0.12327688563021091,0.8767231143697891,0,0.00077778427,0.9992222,0,0.018996662,0.98100334
so lately i been dealing with a pretty tense situation which involves trying to get myself out of a pretty big rut caused by my depression and lack of motivation basically a lot ha gone to shit now i m trying to fix it but there is this thing that happens whenever there is something difficult uncomfortable i have to do in my life in the hour leading up to waking up fully in those moment when i m tossing and turning my body feel terrible especially in my stomach abdominal area my thought are anxious and i feel terrible when i wake up fully all i think about is the thing making me anxious and the symptom i described feel like 0 time worse and i feel extremely high stung and filled with dread i feel like i want to fade away because it feel so bad after about an hour or two the physical symptom lessen and my anxiety reduces to more manageable level doe anyone else feel this and what have you done to cope,1,1,0.9932948777712302,0.9932948777712302,1,0.9999049,0.9999049,1,0.9939539,0.9939539
i live at home and i love my parent but i m beginning to spiral after an incident month ago i ve been profoundly depressed and stressed out i wa renting but moved back home to save money while trying to get myself back in order especially because my med stopped working i m an only child and my parent have no friend so now that i m back home all they want to do is constantly talk to me i already have poor sleep a it is but it could be am and my dad will shake me awake to talk about a car or his work day or my mom will come in and talk to me about my finance or why i never talk to her about my mental health one time recently i had been woken up so abruptly i could feel my entire nervous system jolt like i had been struck by lighting even thinking about it make my entire body randomly hurt i never get to be alone anymore i try to get alone time but i never get it for more than a couple hour at an time bc of the sleep deprivation i hallucinate now i hear and see thing i honestly wish somthing would happen to me and it would just all end life s so stressful and the little thing aren t fun anymore i hate myself i hate everything i used to love nothing fun anymore what s the fucking point,1,1,0.9847310401375845,0.9847310401375845,1,0.9999069,0.9999069,1,0.9940282,0.9940282
lately all i basically is sleep i just don t have the energy for anything else these day i wa told i need more intensive treatment but i just don t have the energy for that a sad a that sound lmao i just want to end this,1,0,0.4844611252480821,0.5155388747519178,1,0.99988997,0.99988997,1,0.993454,0.993454
might go hiking in the big thicket in a couple week what monster are supposed to be in this area chupacabra i hope not,0,0,0.21019759999115215,0.7898024000088478,0,0.0005856309,0.9994144,0,0.016290087,0.98370993
life is so fucked human are so fucked and cruel and hedonistic and trash and mean and disgusting humanity deserves to die out a a specie so this planet and the animal that get constantly fucked by u can finally have their rest,1,0,0.4775652861804319,0.5224347138195681,1,0.9998771,0.9998771,1,0.993046,0.993046
mizzzidc you are depressed over a shoe you spoke rudely to your mom and then posted it on the internet i mean over a f shoe and you want to heal from depression dear child you are badly behaved i hope you are healing from the depression now,1,1,0.862913905252058,0.862913905252058,1,0.99989974,0.99989974,1,0.99377996,0.99377996
people always tell me how handsome i am i m ft with a muscular build i have a deep voice i m well read with interesting hobby and i can make people laugh but my teenage year were miserable with crippling social anxiety lack of confidence 0 friend and most importantly for me not even a touch of skin with a girl let alone holding hand you wouldn t believe just how crippling it wa i couldn t look a stranger in the eye properly until i wa 0 i wa raised to be away from other kid and naturally my only source of fun wa videogames at least hour a day people are always surprised to find out i m single i ll be tonight i somehow got through college without understanding social cue from my female classmate a couple of whom i later found out for sure liked me and that they had dropped some hint my life ha been on constant repeat of music porn and videogames i ve been begging god since i wa for a girlfriend after i just hoped i would get one soon and soon and soon with the pandemic flying by i realized it s almost been year and that i m about to be i can t bear it it s too painful every one of my peer have boyfriend and girlfriend they had at least a couple of long term one before my age this is killing me i feel like a baby that wa never cared for by his parent so i turned out to be a cold hearted psychopath from lack of love i feel like i m literally going insane i ve been having weird idea lately not just suicidal idea idea that would scare a normal person i finally understand how a normal person can go crazy like this it doesn t matter if i get a girlfriend now that part of my life ha been so bad so lonely that i m at a point that nothing is able to hold back this suicidal feeling i ve always been more emotional than other guy especially when it come to love i know guy my age that don t care about not having girlfriend but my problem is not that i don t have a girlfriend now it s that i ve never had one when i needed it the most i have a lot of med in my drawer that i m gon na gulp down with whiskey and go to sleep after shooting heroin i jokingly told people that i don t feel like living and their only response wa that death is painful well this way it won t hurt a bit,1,1,0.9904008719360258,0.9904008719360258,1,0.99990773,0.99990773,1,0.9940539,0.9940539
i am wondering how to work this site,0,0,0.08031728375786562,0.9196827162421344,0,0.0026523077,0.9973477,0,0.036709134,0.96329087
l want but i can t sleep,0,0,0.1198934418206531,0.8801065581793469,0,0.0009871725,0.9990128,0,0.021608183,0.9783918
i have a lazy eye and am overweight and i have a bowel problem which make me smell even with these attribute i ve managed to fall in love get married and have a daughter but i keep getting this urge since i wa to end it all it doesn t help that my family doesn t want anything to do with me or my child hell my baby is year old and my mother ha yet to see her or even call the shitty part is she life an hour away i keep on thinking what s the point of trying so hard to keep people who don t even want you in their life i love my daughter but i just want ti end it i ve been fighting off and on with my wife over small stuff because i m not home enough i have to travel for work week at a time because we can t afford for me to quit and honestly sometimes it feel like she s just with me because she can stay at home and not work long story short i m tired of trying to keep up the illusion that i m happy the only thing that make me happy is reminiscing about holding my daughter when i m on the road but it s getting harder and harder to keep going,1,1,0.9776696627938902,0.9776696627938902,1,0.9999049,0.9999049,1,0.99395436,0.99395436
throwaway in case i don t go through with this i have a loving boyfriend and i love him so so much but for some stupid fucking reason i sexted with my friend and i regretted immensely so when he eventually found out i apologized a much a possible and somehow he forgave me then it happened again and i just want to die now i have failed a a boyfriend and ruined something beautiful now my boyfriend and the friend i had the affair with hate each other and i never heard from the friend since it doesn t help that he ha several suicidal thought and now i just want to kill myself so nobody else get hurt all because i m a stupid piece of shit who deserves to be burned alive,1,1,0.8865691794317592,0.8865691794317592,1,0.99990165,0.99990165,1,0.99384296,0.99384296
mileycyrus hahaha dont be like that one time in ny when you got 0 min of sleep then got sick love you,0,0,0.11333250380963004,0.88666749619037,0,0.0004944189,0.9995056,0,0.014859941,0.9851401
swoyer fighting depression isn t a easy a it may seem because you never truly know how that person feel and people have thought of suicide because they feel a if that s the only right thing that they can do and they think it s the much easier route to go along with life,1,1,0.9859543496397618,0.9859543496397618,1,0.99989843,0.99989843,1,0.9937358,0.9937358
jennnnie yes and the next project s wool is hiding from me it wa there on friday when i went to craig s place,0,0,0.15699810790319155,0.8430018920968084,0,0.00048037985,0.99951965,0,0.014629253,0.98537076
finding it incredibly unfair that mom got more tan than i even though i spent more time in the sun miss him like crazy,0,0,0.23888581208925605,0.7611141879107439,0,0.0010897041,0.9989103,0,0.022791058,0.977209
shiner is taking up all my bed and blanket,0,0,0.16427345231255347,0.8357265476874465,0,0.00072104414,0.99927896,0,0.018233681,0.98176634
it s and i ve been sitting around barely watching i m not there i really wanted to see that movie but i keep getting distracted,0,0,0.30795912141944276,0.6920408785805572,0,0.0074143196,0.99258566,0,0.063076146,0.93692386
shooting outside my house o not kidding so scared,0,0,0.2249872451421584,0.7750127548578416,0,0.0006053371,0.99939466,0,0.016585087,0.9834149
woke up and wa having an accident quot it s pushing it s pushing quot he wa cry because he couldn t stop from wetting his pant,0,0,0.09529435603612092,0.9047056439638791,0,0.0008307785,0.99916923,0,0.019686023,0.98031396
jasonvonberg i ve advertised on our blog through career site and used agency not sure how else i can go about it,0,0,0.16891908452666626,0.8310809154733337,0,0.00094524794,0.99905473,0,0.021107908,0.9788921
0 supplement to help fight depression http t co tc tkc abj,1,1,0.966870856294707,0.966870856294707,1,0.99985707,0.99985707,1,0.992448,0.992448
argh firefox ha just removed a bookmark folder my sharepoint folder including all link within no idea why how,0,0,0.12154717605031819,0.8784528239496818,0,0.00066563004,0.9993344,0,0.017460905,0.9825391
i cant sleep missing the person i love most for the past yr of my life if only,0,0,0.20763634931084576,0.7923636506891543,0,0.002424988,0.997575,0,0.034998383,0.96500164
kal penn i will miss you on the show you were awesome what a shock,0,0,0.034691668904550096,0.9653083310954499,0,0.0005619434,0.99943805,0,0.015929293,0.9840707
is ready to go to bed long day tomorrow,0,0,0.09658313330376937,0.9034168666962307,0,0.0006142304,0.9993858,0,0.016716754,0.9832832
your mom deserves a better child than you you said she forgot them not intentionally leave them there so why are you barking and degrading your mom in public for some clout hope the depression is the end of you btw,1,1,0.664830607257752,0.664830607257752,1,0.9998944,0.9998944,1,0.9935974,0.9935974
everyday is just grey i can only rot in bed all day nothing and no one can help it s over it s just over i give up i can t handle this anymore,1,1,0.632592009515294,0.632592009515294,1,0.9961887,0.9961887,1,0.95550776,0.95550776
up and throat still hurt,0,0,0.09902225796577656,0.9009777420342234,0,0.0013858369,0.9986142,0,0.025939507,0.9740605
please tell me if this isn t the sub for this i ve been preparing an exam for a couple of month but everytime i try to revise it s like everything ive written down is wrong so i go over the material again and find bit that i didn t catch the first time and it s the same the next week it happens so much that i end up going over the same 0 page text like ten time even worse when i go to my note i don t get them i just recognize the word i m using when i find the passage in the source i took the note from i m really tired and almost feel like i have some kind of brain problem i assure you i m not a perfectionist i d be completely happy knowing only just enough to pas but it seems like i never even get the basic right i m assuming it s some sort of anxiety because it can t be explained by being a slow learner i ve been pretty constant with my study schedule just not assimilating anything i don t have any diagnosed learning disability i ve been to a psychologist a couple of year ago and she said so when i asked her so it can t be that either ha anybody got a similar experience did you manage to get through it i d appreciate any help,1,1,0.9817428991364963,0.9817428991364963,1,0.99990654,0.99990654,1,0.9940156,0.9940156
it hasn t gotten any better i did it almost year ago and the feeling of trying again ha gotten worse no matter how much i try it s not good enough i m trying to go to school i m trying to find a job i m trying to shower more and blah blah blah but no i m still too lazy my hair is too greasy i smell i m a fucking failure don t get why they act so much higher than me you failed that exam you got fired you didn t do the school work how the fuck are you going to look at someone who can t afford all the thing you have and blame them like it s their fault no i can t afford shampoo no i can t afford food no i can t afford a car or even the fucking lesson we couldn t wash clothes for a week but i shouldn t smell sorry let me pull out my imaginary washing machine my imaginary money to buy a car my imaginary money to buy the game you have the food you have the soap and whatever the fuck else i don t have because i don t have the fucking money let s also forget the fact my parent haven t been working properly for almost year and the amount of shit we owe which you don t deal with which is why you have all that shit they look at me in disgust you should come out more you re just lazy you don t want me there anyway which is why i walk metre behind don t have proper conversation because you wont talk back or am completely forgotten about when you go out i m fucking trying i do my best in exam i do my best to shower often or to eat often or to get a job you just don t see that i live very different to you i m trying my best to not kill myself every fucking day the thought didn t just disappear when i got out of hospital you know the same place you laugh at me for going the only reason why i don t jump in front of a car when we are together is because i don t want you to see the mess left behind i have a box full of tablet and a bottle of morphine i m sure something there will kill me and i m ok with it,1,1,0.9515769870425372,0.9515769870425372,1,0.9999038,0.9999038,1,0.99391973,0.99391973
is running on low battery http plurk com p n0blb,0,0,0.11141509981861508,0.8885849001813849,0,0.0007333073,0.9992667,0,0.018400898,0.9815991
sonnyjoeflangan oh awesome shit i missed it,0,0,0.03715319201329051,0.9628468079867095,0,0.00049065927,0.99950933,0,0.014798465,0.98520154
so i recently started my first customer service job and wa doing well until it came to order taking i wa making order before at the register inside i m not great but okay but the register at the drive through i seem to have worse anxiety while talking with people i don t know and can t see for some reason and on top of that everything that happens at the drive through is broadcasted to anyone wearing a headset and on top of that my medication wa screwing me up any time i missed even one dose i wa waning off but having trouble with the final drop off and i wa on the verge of a breakdown all day and the drive through wa what pushed it too far and i had to leave early to get my medication my medication still aren t stable and i m having a very anxious episode that s been happening since i started getting off the medication far worse than it wa before how have you managed to cope with this anxiety and perform necessary work interaction with stranger repeatedly,1,1,0.9098960916675821,0.9098960916675821,1,0.999905,0.999905,1,0.9939594,0.9939594
i m a sophmore in high school and i do no extracurriculars which bother me the most i think the only hobby i have is drawing and i lost interest in band over the pandemic and i dont have the motivation to get back in i dont take challenging class because im too lazy for the workload i can barely do basic hygiene i dont exercise at all and every day after school i go home and lay in bed alone doing nothing until i go to sleep to be honest i am happier with my life than i used to be because i finally have a decent friend group so i dont feel like im wasting high school really i just feel like a huge useless loser with no hobby in comparison to my friend i cant do the most basic of thing anymore because everything is so much harder,1,1,0.8334852270627086,0.8334852270627086,1,0.99990356,0.99990356,1,0.9939109,0.9939109
taitaisanchez omg i know i am so sad,0,0,0.0646253320193017,0.9353746679806982,0,0.00050526793,0.99949473,0,0.01503613,0.9849639
pinkiecharm sorry you musta got a bit sick of my dance tweet sorry to have you unfollow me,0,0,0.03761474387289452,0.9623852561271055,0,0.0004858329,0.99951416,0,0.01471922,0.98528075
willadam i treated myself to that latte after the appointment which wa horrible i need to have my wisdom teeth surgically removed,0,0,0.20122457467653096,0.798775425323469,0,0.0008782344,0.9991218,0,0.020286016,0.979714
i lost everything i have no friend anymore what even is the point anymore there nothing i wan na live for anymore i just wish my life felt worth living my chest hurt so bad i wish i wa enough for myself,1,1,0.9588182125927703,0.9588182125927703,1,0.99988043,0.99988043,1,0.99315083,0.99315083
duckling in famous child s book stolen from boston s public garden the boston globe http tinyurl com dc htx via sharethis oh no,0,0,0.06394840822133788,0.9360515917786622,0,0.0005268121,0.9994732,0,0.015380888,0.98461914
i m slipping into a deep deep depression divorce failed business losing my home many regret etc etc i need a direction in my life i can focus and work hard on but i don t even know where to begin i need someone to help me a there s no way i can do it myself i have adhd so my mind go in a million direction all the time is a good life coach what i need,1,1,0.8907291133166632,0.8907291133166632,1,0.99990153,0.99990153,1,0.9938408,0.9938408
bad day,0,0,0.18072960519016862,0.8192703948098314,0,0.0006554855,0.9993445,0,0.017316217,0.9826838
ugh just read on cnn that they found the cantu girl s body in a pond near their home how terrible for her family,0,0,0.12596480136039334,0.8740351986396067,0,0.00056433195,0.99943566,0,0.01596599,0.984034
i feel like nobody really care if i m gone even my closest friend replaced and forgot about me i just want to sit in my room and rot i just want to stop existing last night wa the worst i couldn t sleep because i broke down and my head keep screaming i want to die i want to die i want to die i don t know if i want to ever get better when there s nothing to get better for i even got excited because i got covid before and thought if it get worse i could finally die but i just had to get better it wa my one chance to die and i got better i m so sick of living i m so sick of being abandoned by people i thought cared about me i just want to be gone and stop existing it s so painful it hurt to cry every night and exhaust myself to sleep in that way even waking up had me cry i m just waiting for something to happen to me so i don t have to kill myself instead to save my family from the shame they d experience if i took my own life instead,1,1,0.9820162137073366,0.9820162137073366,1,0.9999018,0.9999018,1,0.99385,0.99385
nothing worse than planning on going to the mall with no money damn unheavens dunk,0,0,0.29992744281297085,0.7000725571870292,0,0.0007507842,0.9992492,0,0.018636962,0.98136306
sorry for the next tweet,0,0,0.05071083387953124,0.9492891661204688,0,0.000527414,0.99947256,0,0.015390432,0.98460954
want to cry,0,0,0.3165235051565027,0.6834764948434973,0,0.0018103973,0.9981896,0,0.029938394,0.9700616
i m all snuffly and then hot and cold tired and bunged up woe is me,0,0,0.05229573100177188,0.9477042689982281,0,0.00077733863,0.99922264,0,0.018990772,0.98100924
why are there kid show on pb right now it supposed to be nature,0,0,0.13804768584422245,0.8619523141557776,0,0.00052808714,0.9994719,0,0.015401085,0.98459893
jonathanchard not calorie wise i wish junk food wa calorie free i ate a thing of sour skittle and a big as cherry coke,0,0,0.20167174263239113,0.7983282573676089,0,0.0004733798,0.9995266,0,0.014513057,0.9854869
loved her and gave her everything we went through alot cancer for my mom cancer for her mom we leaned on eachother stress life living together just so much love for her if you check my last post on r infidelity you can see the detail basically she dumped me said she feel numb need to be alone stress her mother illness work all that devastated me i accepted her decision and even told her if she feel like she need to be alone she s doing the right thing i wa going to propose soon now i wa devastated already really bad really in the most pain and now to find out she wa cheating put it on a whole new level the feeling of being thrown in the garbage and replaced the feeling of inadequacy like i can t be loved there a way out and i can end the pain i don t see a way out for me im so lonely im in so much pain,1,1,0.9555789677797616,0.9555789677797616,1,0.9999062,0.9999062,1,0.99400216,0.99400216
parent contribute to their child s depression,1,1,0.9223720592662302,0.9223720592662302,1,0.99986005,0.99986005,1,0.9925321,0.9925321
that s just about it i m just too tired of myself i wish i wa strong like a lot of you are but i m just too weak to keep going after some thinking i think i m finally going towards my end but i don t feel scared actually i feel some peace i m not gon na do it today there s some thing i need to settle first but i think that s my last month in this place good luck everyone i wish only the best for all of you,1,1,0.8950380860473839,0.8950380860473839,1,0.9998913,0.9998913,1,0.9934977,0.9934977
it bad that we cant buy it here,0,0,0.09187894813692189,0.9081210518630781,0,0.0125319855,0.987468,0,0.08270114,0.91729885
didn t make it by here today they are saying we will have snow tomorrow wtf it is tennessee it doesn t even snow here in winter,0,0,0.18206421769952152,0.8179357823004785,0,0.00061949494,0.9993805,0,0.016794274,0.98320574
i ve been eating the same food every meal for month now bc everything else make me want to throw up and cry this is pretty normal for me so i never thought to bring it up with my psychiatrist and recently i ve been able to eat other food a well but when i sat at the table this morning i found everything repulsive even my go to food this usually only happens when my anxiety is really bad but i feel pretty ok rn so i don t know why i can t eat is this common with anxiety disorder,1,1,0.9626499754363574,0.9626499754363574,1,0.9999007,0.9999007,1,0.9938122,0.9938122
hi i am very sorry if this is the wrong sub for this post a good friend is going through a though depressive episode right now and since we live in different country we mostly hang out by playing game online we joke a lot but my humor a well a hers can get quite self depricating so i want to change my type of joke and how i talk in a way that boost her self esteem instead of lowering it i am really bad with word so if some of you have concrete example for how i can turn a joke or a phrase like bruh we are so dumb lol etc around to something positive would be really helpful just imagine you have to teach a toddler with atrocious social skill how to be a supportive friend,1,1,0.7777564272484346,0.7777564272484346,1,0.99990535,0.99990535,1,0.99397296,0.99397296
like the title say i have no idea who i really am i question myself and wonder if i am a good or bad person lately everything in my life ha sucked and i just want it to be over w this is not a confession btw i m ok i won t harm myself i just mean the disorder to go away i need to go back to therapy and get on medication maybe,1,1,0.8346893859157214,0.8346893859157214,1,0.9998977,0.9998977,1,0.99371064,0.99371064
ilovedt that s what i thought bummer,0,0,0.1827407306488002,0.8172592693511997,0,0.00051491754,0.9994851,0,0.015191374,0.9848086
oh no kutner s dead watching house,0,0,0.058392967266001926,0.941607032733998,0,0.0005695031,0.9994305,0,0.016045196,0.9839548
getsmart u watching loser i wan na cry for sean,0,0,0.14044877271887266,0.8595512272811273,0,0.00048325423,0.9995167,0,0.014676738,0.98532325
hello i would really love some advice support from the community all day long i ve been so anxious that i absolutely ruined thing between the guy i wa interested in and myself i really liked him and i got complete tunnel vision about it i feel like we just ended up talking too much that i wa trying to get serious too soon and that i ruined it all by not being the chill cool girl how do i come back from seeming like a clingy freak is there a comeback from this,1,1,0.7276234689953484,0.7276234689953484,1,0.9998952,0.9998952,1,0.99362564,0.99362564
i m have fucked up my whole life and i dont really want to kill myself but im really running out of option when i wa 9 year old i wa diagnosed with borderline disorder and all my life i have been fucking everything up relationship friendship family member job my study i have been acting very impulsive and i have aways been blaming my disorder instead for everything i ded drug use victimless crime somehow i still have some principal left hooker now today s situation is i havent felt fine in year or something like that i am on the edge of getting myself in seriously debt i live in a small shitty appartement and the only thing that ha stayed with me during all these time is my weed maybe it sound retarded i dont really know but it true i even lost my momma on the way she is not dead just doesnt want to speak to me anymore i lost all my friend because of ly shit behaviour and lie i lost a relationship of year recently and to be honest i deserve it because i can blame my disorder or the drug or whatever deep down i know it were my action and my saying that fucked it all up i know it may not be the best solution but i feel like killing myself would most certainly be the easiest way out for me sorry if this storry is shit but i am high right now and my english isnt that good,1,1,0.9847347861719472,0.9847347861719472,1,0.9999044,0.9999044,1,0.9939401,0.9939401
is going to school to do dt,0,0,0.13424493912608074,0.8657550608739193,0,0.0007791671,0.99922085,0,0.019014923,0.9809851
depression because of some trainer get a grip man fuckin drama queen,1,1,0.6003420693039497,0.6003420693039497,1,0.9998503,0.9998503,1,0.99225396,0.99225396
english isn t my native language so please excuse possible incorrect grammar hi guy so a quick explanation to why i f want to get diagnosed i ve been struggling with panik attack and alot of anxiety since i wa a toddler i think about or yr old i ve done quite alot of research about gad and the vast majority of the symptom i could find describe what i m struggling with quite well so lately i ve been thinking about telling my physiatrist and i have a lot of question and worry surrounding that it would really mean alot to me to read some of you guy s experience with getting diagnosed feel free to share in the comment first of all i don t really know how to approach this conversation with her like how do i start it and what kind of question could she ask me im diagnosed with adhd i don t know if the process is similar to that of an anxiety disorder diagnosed and second what if i don t have an anxiety disorder ive been struggling my whole life it honestly feel like my anxiety ha pretty much full control over what i do and especially what i don t do thanks lt,1,1,0.9714922799347802,0.9714922799347802,1,0.99990666,0.99990666,1,0.99401736,0.99401736
aholmes nj i wa able to downthemall before ta wa able to delete my account didn t lose any photo but i lost almost all comment,0,0,0.3047837911773336,0.6952162088226663,0,0.0005933105,0.9994067,0,0.016405588,0.9835944
also i shouldve bern asleep an hour ago,0,0,0.3348091575408718,0.6651908424591282,0,0.00066693366,0.9993331,0,0.01747942,0.9825206
hey tbh i don t know who to ask i tried unalive myself by hanging un fortunately they rescued me i don t have any medical complication but i have something i can describe a bloody eye like the part of my eye that supposed to be white are partially cover with blood i m wondering doe anyone had something like that i love my half dead look but i m curious when my eye will get back to normal,1,1,0.6430851849774695,0.6430851849774695,1,0.99988353,0.99988353,1,0.9932461,0.9932461
kgware paballo kay mahapa yall niphathwa depression ngenxa yama teki,1,1,0.9116956586193474,0.9116956586193474,1,0.9998423,0.9998423,1,0.9920304,0.9920304
shutting off twitter,0,0,0.05778184252477361,0.9422181574752264,0,0.002066193,0.9979338,0,0.032131672,0.9678683
maammalice everyone s seasonal depression is gone after a few day of sun and we are all now touching ourselves with excitement,1,1,0.6955236059345791,0.6955236059345791,1,0.9998715,0.9998715,1,0.99287355,0.99287355
usually every day is a battle but today especially it feel like i m going to explode i know i will get through it but i know it ll also be painful i m already tired and just woke up ugh,1,1,0.6252775081545643,0.6252775081545643,1,0.99986446,0.99986446,1,0.992664,0.992664
cheekybeer document management system always a good idea although rarely seems to happen in practice,0,0,0.20387578062012235,0.7961242193798777,0,0.0011735987,0.9988264,0,0.0237203,0.9762797
i am miserable when i wake up i am aware this due to more than just simply being mentally fucked up i live a shitty lifestyle however i feel a though most day are purely predetermined for me almost like it s always guaranteed to have me thinking about killing myself by the end of the day,1,1,0.6829479428563583,0.6829479428563583,1,0.9998889,0.9998889,1,0.993421,0.993421
dammit i need to stop buying furniture,0,0,0.13945444216768932,0.8605455578323107,0,0.0013305701,0.99866945,0,0.02537815,0.97462183
jade is looking for a new home http apps facebook com dogbook profile view,0,0,0.07817351968634649,0.9218264803136536,0,0.0006654943,0.9993345,0,0.017458966,0.982541
i m 9 year old and i have been depressed and lonely since i wa i have had some ups and some people that i connected with over the year but i have lost them all or wa betrayed by them i don t know how to talk with other people even people who have similar interest to me and i always think i make everyone feel awkward when they are around me or that i m imposing myself on them every month i tell myself that thing will get better and sometimes they do but then i lose what made me happy and everything else go wrong too it s been year of telling myself that thing will get better only to have them turn worse and i m so tired of it i am really afraid of death and i realize that i don t want my life to end i just want another life but suicide is starting to sound like the most bearable option,1,1,0.997836302415304,0.997836302415304,1,0.99990237,0.99990237,1,0.9938698,0.9938698
sitting at home watching jeremy kyle and bored,0,0,0.06266710200827286,0.9373328979917271,0,0.0006734562,0.9993265,0,0.017571827,0.9824282
tldr here are my question ha anyone had depression symptom improve after they broke up with a long term partner who wa not right for them were you able to see in retrospect how the bad relationship wa intensifying your mental health problem how did you make the decision to break up my current depressive episode ha been going strong since mid 0 0 with almost no letup i m in therapy for childhood trauma for the first time therapist say i have cptsd i can feel my deep self hatred beginning to heal which is something i didn t think wa possible it s awesome but my depression symptom are getting worse no motivation feeling of complete emptiness gnawing sadness my work in therapy ha also illuminated aspect of my year romantic relationship which mirror the emotional abuse i suffered a a child i have been a candid a possible with this about my partner they have been genuinely remorseful and we are working on shifting our dynamic in couple therapy i am pleased to see change in the way they treat me but i don t feel any le pissed off about waking up alive everyday it s really difficult to parse out how much of this current depressive episode is coming from my brain chemistry and how much is coming from the fact that i m living with someone who betrayed my sense of emotional safety i m trying to forgive my partner because i truly love them with all of my heart and want to give our relationship a fair chance to improve but i am struggling to forgive them for the borderline emotional abuse that happened,1,1,0.9884005438437874,0.9884005438437874,1,0.99990714,0.99990714,1,0.9940328,0.9940328
so i know i shouldn t because everyone experience anxiety differently but my social anxiety really hinders my ability to socialize and a a result i really can not currently build up the courage to have even basic social interaction sometimes i hear very popular people with ton of friend say that they have social anxiety or have no friend and it just make me angry inside or social medium influencers it s like i m mad because my social anxiety hinders me from doing what they do,1,1,0.9516007865074219,0.9516007865074219,1,0.9999,0.9999,1,0.99378574,0.99378574
cant sleep she want to dream,0,0,0.10781680741982784,0.8921831925801722,0,0.0009103211,0.99908966,0,0.020683093,0.9793169
bugger it all good today might have to error check thing then,0,0,0.15203513880652705,0.8479648611934729,0,0.000496602,0.9995034,0,0.0148955425,0.98510444
fuuuuuuuuuuuuuuuuuuuuuuuuuuuuuuuuuuuuuuuuuuuuuuck,1,0,0.10909243327686623,0.8909075667231338,0,0.015489374,0.9845106,0,0.09213809,0.9078619
http twitpic com y cf filled with curry the true indian in me is coming out,0,0,0.05530877304790685,0.9446912269520932,0,0.0005638954,0.9994361,0,0.015959295,0.9840407
in loveeee lt and it hurt,0,0,0.07161723854968625,0.9283827614503137,0,0.00051285885,0.99948716,0,0.015158373,0.98484164
mae fitch you keep deleting my number,0,0,0.19181990673975735,0.8081800932602426,0,0.0006268173,0.9993732,0,0.01690159,0.9830984
there s an inch of snow on the ground and counting i m worried about the poor flower,0,0,0.08149747087689034,0.9185025291231097,0,0.0009978167,0.99900216,0,0.021733599,0.9782664
doesn t enjoy learning cs,0,0,0.16281940310426135,0.8371805968957386,0,0.0012713562,0.99872863,0,0.024764257,0.97523576
ha anyone lost their career or become underemployed due to depression how do you survive are you frightened about how you will retire or get by in old age it s been seven year of mostly unemployment for me and i m horrified when i think of the future,1,1,0.8746142349172137,0.8746142349172137,1,0.9999002,0.9999002,1,0.9937966,0.9937966
is stuck in traffic,0,0,0.0768974918788613,0.9231025081211387,0,0.00054789404,0.9994521,0,0.015711952,0.98428804
depression remedy little step big impact http t co kebtd od depression humanpsychology remedy,1,1,0.9248948030173176,0.9248948030173176,1,0.999881,0.999881,1,0.9931666,0.9931666
depressed college student checking in i literally get 9 hour of sleep every single night i dont drink or abuse substance and am in good shape for the love of god i can not get my as out of bed i seriously cant im having really poor attendance issue becayse of this i hate what i do i see no point in all of this struggle to just fuckin exist all this hell i go thru debt stress and burnout is all so i can have a chance at a shit show 9 job my school love to make life unnecessarily hard to keep student from graduatin on time so they can suck more ane more from u getting out of bed is my biggest challenge it all full circle im depressed i dont like what i do and i dont feel that what im doing is effective i m anxious about my future and dont know what to do about it all i look forward to doing is sleeping eating is a chore showering is a chore being awake is a hassle the cost of existance ha won it beat the life outta me,1,1,0.816041294208512,0.816041294208512,1,0.9999057,0.9999057,1,0.9939832,0.9939832
the great depression,1,1,0.9954535626530264,0.9954535626530264,1,0.9998264,0.9998264,1,0.99159616,0.99159616
hetty christ heh yeah i shakily conquered the ladder pointless job tho we re too far away to receive digital signal w antenna,0,0,0.15758889589314284,0.8424111041068572,0,0.0005221957,0.9994778,0,0.015307576,0.9846924
entered a online poker tournement against 9 others finished th,0,0,0.11129780562233982,0.8887021943776602,0,0.0010577015,0.9989423,0,0.02242772,0.97757226
on the bus going to work booo,0,0,0.08353182012296063,0.9164681798770393,0,0.000530187,0.9994698,0,0.015434295,0.98456573
life s rushing towards me at 0km h and instead of going forward i just stand there scared shitless and watch the headlight getting closer,1,0,0.3542302113981006,0.6457697886018994,1,0.9975872,0.9975872,1,0.96509504,0.96509504
tw for self harm abuse and suicide for the past year i ve suffered with severe depression from family genetics and other issue a a young kid death wasn t really my first thought it just kind of started appearing after a bit when i wa in middle school my close friend sexually assaulted and abused me for a year and a half they also psychologically manipulated me and abused me in way that i m shocked they got away with i have made around failed suicide attempt in my life time only one ha been severe enough to end up in a hospital because i told people but realistically there s several more that i should have been taken to a hospital for a they probably fucked up some stuff internally i form really strong and probably toxic bond with people to the point where if i think i will be left i try so hard to keep them around that it can be overbearing i ve gone to therapy since i wa in elementary school and i ve done dbt and cbt intensively i have definitely gotten better but the fact that any time someone leaf me i feel so distraught that killing myself feel like the only option my partner and i broke up at the end of january and it ha more or le destroyed me i lost my virginity to them and the breakup came out of the blue they said we could start talking again when they felt like it so i have left them alone i wa being weird about saying hi so i tried to do that some more and i wa feeling better about moving on and staying friend in the future i really haven t been feeling better i still wanted to die but i wa managing it pretty well on monday at midnight they sent a text saying they wanted to give me closure and that they never actually wanted any sort of relationship after and oops sorry about the confusion i m not sure why they sent that we haven t spoken in almost month there ha been no communication and i only told two people how i wa secretly hoping thing could be patched up everyone else who asked i had just said hopefully we can remain friend in the future i know not everyone want to stay friend but they were the one who proposed it that sent me on a spiral i broke month of self harm ripped off my fingernail in stress and haven t eaten correctly since realistically if this is going to be my response to every breakup or conflict how can i keep living like this i don t want to end my own life since a th failed attempt would be embarrassing but i also don t want to be here anymore everyone tell me that in a few month i get to move to my dream town so it ll be fine but really i don t care about that i can t handle the pain now and knowing i ll have to have it possibly many more time is excruciating i feel like i could have been a success story but realistically if it s been so long and i ve only barely gotten better then what s the point i m trying my hardest to find reason to live right now but i don t have much to care about,1,1,0.9992047122229718,0.9992047122229718,1,0.99990606,0.99990606,1,0.9939965,0.9939965
so im done editing quot the phipstape quot back crack a brew and see what we got no tree though,0,0,0.05389910594951307,0.9461008940504869,0,0.00051742606,0.9994826,0,0.015231519,0.9847685
ladyerlynne awwww you could always post in the transfig classroom with sharmila,0,0,0.2889403380846471,0.7110596619153529,0,0.0005217303,0.9994783,0,0.015300168,0.98469985
i m trying really hard,1,0,0.2924552858325421,0.7075447141674579,1,0.88228834,0.88228834,1,0.7521098,0.7521098
where is my phone amp good food aaaaaaaaah,0,0,0.1652957224595888,0.8347042775404112,0,0.0005707012,0.9994293,0,0.016063502,0.9839365
is not looking forward to class and work tomorrow,0,0,0.09620410448479957,0.9037958955152005,0,0.0015255415,0.9984745,0,0.027312811,0.9726872
danadearmond,0,0,0.10909243327686623,0.8909075667231338,0,0.0028461546,0.9971538,0,0.038112525,0.9618875
surviving and being in worst condition or facing the disappointment of my family is the only thing stopping me from ending it,1,0,0.33906106793252777,0.6609389320674722,1,0.9995764,0.9995764,1,0.98633647,0.98633647
chauv i ha so many thing to do,0,0,0.4077526319906888,0.5922473680093112,0,0.0008048648,0.99919516,0,0.01935159,0.9806484
there s much depression in europe and the leading cause can be traced to psychological overload the peace and prosperity of europe come with boredom something nigerian will never understand or relate with cuz there s no loneliness in nigeria,1,1,0.6286880712046067,0.6286880712046067,1,0.99989116,0.99989116,1,0.9934936,0.9934936
i really need to see a doctor about my depression every time it s spiked like today i just feel worse and worse what the hell is wrong with me,1,1,0.9658725922079605,0.9658725922079605,1,0.99986637,0.99986637,1,0.9927194,0.9927194
abitofdarkness the thing about depression is that you dont feel sad you feel sick sick of life sick of yourself and sick of everyone and everything around you depression make you hate everything it make you angry it like being http t co spnyeolkd,1,1,0.9782066615601716,0.9782066615601716,1,0.9998956,0.9998956,1,0.9936388,0.9936388
for the last week my mental health had been in a good place but i recently got some bad news and i already can feel myself spiralling like crazy what are some good way to ground myself i have tried breathing technique and i am on some medication for the first time in my life i have the urge to get a bottle of vodka and drink it i just want to be sitting at my desk happy and laughing and maybe this will help sorry about the formatting i have an injured hand at the moment,1,1,0.8801461139472891,0.8801461139472891,1,0.99990225,0.99990225,1,0.9938647,0.9938647
benackerman btw my iphone is acting funny dying quickly and freezing and b i m not admitting anything just sayin,0,0,0.19930343315651894,0.8006965668434811,0,0.00057257764,0.99942744,0,0.016092127,0.9839079
i had so many suicidal thought last night while i wa driving to try to make myself feel better i thought drowning is scary but i can go put my car in the river and drown then i went well let s look up to see what medication we have that might do it i m just so tired i ve tried so many different medication at this point i do therapy nothing ha worked i m still holding onto a little sliver of hope thing won t always be this way maybe one day i can keep my house clean all the time maybe one day i won t be so stressed and anxious maybe one day i ll be able to stay consistent and do well at my job if feel like it s further and further away i also just believe i m a total fucking failure at and discredit all the thing i ve done because it s just not good enough to me i don t know how to stop the negative self talk oh and i m also sometimes hearing voice lately sometimes i know they re not there real other time they sound like they re right next to my window or in my house i really wish i could just not exist for a week or a month why can t i just shut it all fucking off for a while i even just had a nice date with my partner and i m already back to thinking well i should still kill myself soon,1,1,0.9922255259782422,0.9922255259782422,1,0.99990463,0.99990463,1,0.9939488,0.9939488
rustyrockets will you be showing me some love you sexy swine feeling abit lonely go on you know you wan na x,0,0,0.2814236829260967,0.7185763170739032,0,0.0005455628,0.99945444,0,0.015675636,0.98432434
the past three day ive experimented with milligram klonipin everyday it made me see life from a different view ive never been able to talk to people talk on the phone make eye contact talk to a girl and im in constant edge the klonopin ha helped durastucally today i applied for three job called place asking to hire and wa able to make confident eye contact can i be on klonipin long term it help so much i really believe i have the world worst anxiety my brain is on like turbo mode all day without it,1,1,0.9391939825421728,0.9391939825421728,1,0.9999043,0.9999043,1,0.9939347,0.9939347
it s going to be nice again tomorrow and then the rain come back no nice weather for my birthday,0,0,0.06316568215209871,0.9368343178479013,0,0.0005729634,0.999427,0,0.01609801,0.983902
im going to university with this childhood friend of mine the thing is i don t know how to socialize any further than just a small talk that lead no where and i never know what to talk about even with them and they present me people that are nice but i just don t feel comfortable with them i try to talk to the people in my classroom in the different class but never go any further than that every time i talk to someone i feel like i m annoying them or that my mere pressense irritates them i don t know what to do to expand my social group to people i have common interest in both in hobby and in the career i m at,1,1,0.9621730402067584,0.9621730402067584,1,0.9999037,0.9999037,1,0.9939161,0.9939161
nkdreamer did you see donnie s tweet stats almost 00 reply and no jrk,0,0,0.1348417431568287,0.8651582568431713,0,0.00049125386,0.99950874,0,0.014808201,0.9851918
http tr im imov i b c h i tho i th l gi t cu c i r i m nh v n c n nh c i nh t p th b t c a b c ch tr i,0,0,0.1296454553773156,0.8703545446226844,0,0.0030076585,0.99699235,0,0.039246585,0.96075344
can your job fire you if you attend an intensive outpatient program and need to work part time while you attend my therapist and psychiatrist said they would not be able to but my therapist wasn t entirely sure,1,0,0.3559889272754932,0.6440110727245068,1,0.9998442,0.9998442,1,0.99208355,0.99208355
i want to die so badly even just cut do something to ease this pain but my mom took all my blade all my option even my medication i have no access to anything anymore and i feel empty hollow i want to die so badly but i cant because i have no mean thats the only real reason i m alive right now is i dont have a way to unalive send help im not well im cry everything is terrible and i want out there really should be a log out option on life so you can take a break and come back if when youre ready to face this hell,1,1,0.9489313905391691,0.9489313905391691,1,0.99990165,0.99990165,1,0.99384236,0.99384236
doriantaylor i had one outside my patio i named him rex then the gardner took him down rip rex,0,0,0.16403845886776056,0.8359615411322394,0,0.0006507861,0.99934924,0,0.01724884,0.98275113
gd mornin world i hav a cold my throat is burnin,0,0,0.06959906037188768,0.9304009396281123,0,0.000599697,0.9994003,0,0.016501116,0.9834989
catvix i am news to me and sorry to hear about the job,0,0,0.11930397221178017,0.8806960277882199,0,0.0005395334,0.99946046,0,0.015581387,0.98441863
i m not sure if this is the right subreddit to go to but i don t know where else to go my spouse ha struggled with severe depression his whole life it is genetic his dad wa the same any amount of pressure make him worse he constantly feel a though life is not worth living and he s a lost cause he will never feel okay and just want the pain to go away we have a baby coming any day now and i wa worried that pressure wa gon na send him over the edge we have been talking about having him voluntarily go to a psych ward and see if they can help kinda a a last ditch effort before i just give him permission to end it today he talked to his counselor about going to one in a few week after the baby wa here and they came and picked him up an hour later he is pissed doesn t want to be there which i understand is normal he feel completely betrayed by his councellor and never want to go back i m worried that now he is going to pretend like he is fine just to get out the point of this is to get help why won t he just take it i m scared the mental hospital won t help at all i just need you guy who have been there before to be honest with me did it help what thing helped and what made it worse if it doe help or when he come back home what are some thing i can do to continue the healing process or just make his life easier anything else you feel to share please do i hate not knowing thing and this is really killing me right now,1,1,0.9945449727543791,0.9945449727543791,1,0.999905,0.999905,1,0.9939585,0.9939585
hutsoncap everything alright,0,0,0.2689715797943477,0.7310284202056523,0,0.0005451088,0.9994549,0,0.01566856,0.9843314
ok i think i m finally done with work for the yester day now for a beer and some tv before hitting the sack back at it around 9am,0,0,0.19821483469534257,0.8017851653046575,0,0.00071884796,0.99928117,0,0.018203596,0.9817964
it s been a while since i ve had depression episode and i think it ha come back but worse i m the first daughter of immigrant parent therefore i have to be perfect and be an example for my little sister i m falling a class in college and can t seem to get my grade up i can t focus i can t concentrate i stay up until am doing homework and studying but even though i try my best i feel like i m not progressing i don t want my parent to think i m a failure i want to make them proud but i can t find the inspiration to keep going i feel like sh t anxiety haunt me everyday and i just want this to stop i want to talk about how i feel with my mom but i don t want her to have a bad image of me in her head she know i have depression and anxiety since i wa diagnosed but i told her month ago that i wa okay i m not now i know that if i tell her that i feel depressed again she s just going to tell me to keep going my mom is not a bad mom i love her she ha done everything for me but she doesn t show u affection it might been the way she wa raised but i need to her her say that she s here for me or that she love me i can t remember when wa the last time she hugged me or said i love you i don t feel appreciated in this house when i try to be friendly or make a conversation with her it always end up with her being mad i ve gone several time to her room just to hang out with her but it seems that bother her when i try and hug her she tell me to stop i know she ll be very disappointed in me if she discovers i m not doing well in my class she ha criticized me because of what show i watch if i m enjoying a video game too much she ll tell me that s all you know how to do why don t you do something else instead of playing your little game she hate the music i enjoy listening all i want is to have a mom daughter moment but it doesn t happen i ve talked to her about this several time she cried once saying it wa hard for her too and i understand hard i know it s hard having a touched starved mentally unstable daughter that s why i don t want to bother her with my problem when i happen to have a problem with a member of my family aunt uncle or cousin she ll always be on their side it s like she want to please them i don t feel heard im 9 and on my th and 9th birthday i cried i wanted to spend my 9th birthday doing something i wanted and my parent said yes that wa until my step dad changed his mind and choose to visit his sister on my birthday hour away hour city i wa mad i feel like i had the right to my mom told me that i didn t have to come with them that i could stay in the house until they arrived sunday night my birthday wa on sunday i choose to go because i didn t want to spend the day without my family i didn t got to do anything i wanted i wa pretty bummed my mom and stepdad noticed this and yelled at me saying i didn t had to be here that i could ve stayed in the house my mom did bought me a cake and ate it when i arrived home and i wa grateful for that my aunt and uncle noticed how my mom and stepdad acted on the day of my birthday and felt bad for me they told me i should ve stayed with them and they would ve took me to the mall funny how my mom go all the way out for his birthday or my sister birthday i feel like i m a failure to them i m not the perfect daughter they wish they had it s like they just gave up on me at least is how i see it every time i talk to my mom she look at me with an annoyed face when i told her that i m kind of struggling with college she shrugged and told me that it s my fully because i choose this career it s true but i wa looking for some encouraging or caring word i feel what i need is a break im sorry for over sharing but i can t tell this to my friend or sister i don t want to bother or worry them,1,1,0.9944126110870414,0.9944126110870414,1,0.999907,0.999907,1,0.99402976,0.99402976
karenucol ah i bet it doe i ve been like craving to play softball or basketball but i have noo time,0,0,0.19030558745295673,0.8096944125470433,0,0.00060236733,0.99939764,0,0.016540924,0.98345906
a new study show that there is a correlation between depression and dry eye syndrome ded could troublesome eye symptom feed depression or vice versa read more below and here http t co lhe dbv t ophthalmology ded depression mentalhealth newresearch jamaophth upi,1,1,0.9808864696976624,0.9808864696976624,1,0.99990153,0.99990153,1,0.99384004,0.99384004
anybody just let me know i m here to listen and meet new people,1,0,0.37601139065812234,0.6239886093418776,0,0.4165586,0.5834414,0,0.45372137,0.5462786
i feel empty inside miserable and worthless i hate this pointless point of fact but what else is there here taste disdain hate and fear within myself that s all i find even though i wish to be kind i wake each day in dreadful pain hating every breath and every night i say a prayer begging for freedom for death,1,1,0.7466766168562525,0.7466766168562525,1,0.99989057,0.99989057,1,0.9934722,0.9934722
ok i m sick and spent an hour sitting in the shower cause i wa too sick to stand and held back the puke like a champ bed now,0,0,0.18589375002039576,0.8141062499796042,0,0.00071012776,0.9992899,0,0.018083712,0.9819163
i have two younger brother and they mean everything to me they ve come to an age where they can take care of themselves my excuse for not hurting myself wa them but now they started to grow distant and honestly every single piece of my life ha fallen apart even my mind feel torn a i realized i m becoming crazy i m having lot of harmful thought towards others i really don t want to harm anyone and i rather end my life before i do any harm but i don t want my suicide to make my brother fall into depression a i did i have 0 motif to be alive i do not like this world i do not like most of it s people everyone betrayed me and there s no one that give a shit about me anymore besides my brother i feel like i really have to do it i know i have to i just lack the ball this might be the cruelest thing to say in this reddit but i admire the courage of those that did suicide it s not easy and it s not the coward way the coward way is probably to keep living a i am this ha to stop,1,1,0.997437807375093,0.997437807375093,1,0.99990475,0.99990475,1,0.9939498,0.9939498
stupid m amp m make my stomach hurt,0,0,0.277953905579099,0.7220460944209011,0,0.0013308992,0.9986691,0,0.025381522,0.9746185
i m not looking for sympathy just simply to state why i m done trying to survive i m sitting here in the dark cry my eye out before my th birthday knowing it s the last birthday i ll ever have i m tired of fighting for my life every single day sense i wa i ve been fighting i can t do it anymore i m exhausted this illness ha broken my relationship with people i can t mend and everyone is done with me and i understand i just hope everyone understands why i ve made the decision i have if my husband somehow magically find this i love you more than anything and i m sorry i had to leave this way until we meet again my squishy,1,1,0.82313277633155,0.82313277633155,1,0.9999001,0.9999001,1,0.99379176,0.99379176
fucking boredom make me wan na go have a smoke,0,0,0.4609389674669754,0.5390610325330246,0,0.0018978501,0.9981021,0,0.030704059,0.9692959
don t let depression slow you down we got this,1,1,0.9345795312447065,0.9345795312447065,1,0.9998498,0.9998498,1,0.9922397,0.9922397
it never actually get better it seems like it is but it s not it s just a lull until it come back again even stronger i m done i m obviously not worth keeping around and deserve to be buried and forgotten who tf am i to want anything fucking idiot,1,1,0.785759098885513,0.785759098885513,1,0.99988604,0.99988604,1,0.9933276,0.9933276
missymoouk oh no i know i haven t cried that much since wham split up,0,0,0.20999002313409143,0.7900099768659086,0,0.00048383567,0.9995162,0,0.014686326,0.98531365
ha anyone else ever experienced a state of almost constant light headedness brain fog just a weird feeling in your head due to anxiety just want to know if i m alone in this or not i ve had it for week now,1,1,0.9510742538843183,0.9510742538843183,1,0.9998839,0.9998839,1,0.9932574,0.9932574
maya is being spayed today i m very nervous about it,0,0,0.13463869918548793,0.865361300814512,0,0.00056174264,0.9994383,0,0.015926214,0.98407376
nickynocky yeah it rubbish think my bill just gone up a well and you have to filter the crap water,0,0,0.09105361182931145,0.9089463881706885,0,0.0005731166,0.9994269,0,0.016100343,0.98389965
unnati bagga understanding kill anxiety understanding kill depression understanding in detail and get super curious what is anxiety what is the real root cause how can i change the cause you re not your mind you re not your body you ve both of them so you re superior feel it,1,1,0.9478530915543553,0.9478530915543553,1,0.99988484,0.99988484,1,0.9932893,0.9932893
thelmarockz thelma i can t see shiz i see blank and me and u comment,0,0,0.17506914571470072,0.8249308542852993,0,0.0004594493,0.99954057,0,0.014279423,0.9857206
tw vaccine i got my booster yesterday and this is by far the worst i ve felt first dose i wa 00 fine second dose i had a super sore arm for hour but my booster is pfizer we had moderna for the first my body is just aching but we were warned of myocarditis of course a we re in our late 0 s and ofcourse my brain is fixed on i m going to get it i m so stressed every little pain i m like this is it this is gon na get me,1,1,0.6289482424546013,0.6289482424546013,1,0.9999002,0.9999002,1,0.9937953,0.9937953
i m a volunteer coach at the h i went to the pst year here i ve seen a lot of thing i didn t like like how the head coach ran it and it felt very low effort and try to avoid problem and a large lack of discipline i tried for year and nothing ha changed and this off season ha been low number since march and my position group fell apart to some transfer and kid not taking the leadership of those transfer i tried but it ha stressed me out and i ve been fixated the last few month on leaving just because of how poorly ran it wa i feel guilty and anxious to spring it on the coach and team but i can t keep hurting myself especially if i have more interest and care than the player and some coach everyone that know the program ha been telling me to get out it s not a bad decision in my eye to leave i just feel crappy about doing it and super anxious after i wa done any advice on coping in these scenario i take a ssri but these scenario it doesn t matter for me i ll get worked up no matter what i really hate the guilt part because i know it s the best choice for myself in both coaching career and just mental health in general,1,1,0.927834320634488,0.927834320634488,1,0.9999063,0.9999063,1,0.9940059,0.9940059
mum soup made my stomach make nasty noise,0,0,0.19092942596286458,0.8090705740371354,0,0.0005539279,0.9994461,0,0.015805615,0.9841944
newkidsfan awwwww ur gunna make me cry i miss him so much he ha blessed me w so much love and memory,0,0,0.1534123820626045,0.8465876179373955,0,0.00061787287,0.99938214,0,0.016770419,0.9832296
watching the roadworks develop outside the office that ll make me late for the next 0 week fb,0,0,0.13829814552800598,0.861701854471994,0,0.0005858621,0.99941415,0,0.01629358,0.9837064
donniewahlberg wise word but life sometimes doesn t work out a you plan life ha a habit of kicking you when you re down,0,0,0.48888869451559136,0.5111113054844086,0,0.0005643062,0.9994357,0,0.015965601,0.9840344
my heart ha been broken,0,0,0.22771460300104132,0.7722853969989587,0,0.0015720176,0.998428,0,0.027756257,0.9722437
job interview in cardiff today wish me luck got about hour sleep,0,0,0.08932184087600081,0.9106781591239992,0,0.0006505074,0.9993495,0,0.017244829,0.9827552
hey my name luis and i ve lived a very hard life on march 0 0 my friend kidnapped me they tortured me they sexually assaulted me they beat me up they lighted my skin on fire and they shaved my hair and eyebrow off i thought my life couldn t get any worse after that traumatic experience but it actually did i ve been bashed i ve been portrayed my window have been smashed my property ha been stolen my mother car window have been smashed and i get made fun by people for being gay i wan na jump off and die,1,1,0.6517355397438177,0.6517355397438177,1,0.99989295,0.99989295,1,0.99355173,0.99355173
i met with my new psychiatrist today and she wa super nice and honestly so much better than the last one i m happy i have her now and i like her a lot i just forgot to ask her about the new medication i m taking so i already take wellbutrin and remeron i wa taking hydroxyzine but she just changed that out for propranolol which really isn t the one i m nervous for i m nervous because she prescribed me viibrid i m working my way up to 0mg i wouldn t be nervous about it if i wasn t on remeron which i take mg and it s really only to sleep and that s it it doesn t do anything else the thing is i know both of these drug can increase serotonin and i m terrified of serotonin syndrome especially since i m going to be going away from my house for a little while i called the pharmacy to ask about the interaction and they said at the dosage i m at is a very low change but i m still a bit scared ha anyone taken these medication together and been okay or doe anyone know if i will be okay if i do take them together,1,1,0.9329173742892326,0.9329173742892326,1,0.99990606,0.99990606,1,0.9939955,0.9939955
theekween depression and anxiety loss of loved one and heartbreak thelmasherbs,1,1,0.9386875040868254,0.9386875040868254,1,0.99986935,0.99986935,1,0.99281037,0.99281037
because of ordinary shoe oloshi leleyi o depression co of ordinary nike sneaker if na lv or prada nko,1,1,0.6857813919190503,0.6857813919190503,1,0.9998783,0.9998783,1,0.99308187,0.99308187
going to sleep hoping to wake up and tommorow will be wednesday instead of tuesday i really don t want to go to work,0,0,0.11954936633428268,0.8804506336657173,0,0.0006332265,0.99936676,0,0.01699504,0.983005
wizarab 0 aunty said this would spiral her back into depression i just can t abeg sneaker,1,1,0.951642766058754,0.951642766058754,1,0.99985445,0.99985445,1,0.99237084,0.99237084
i know it seems contradictory but hear me out when my anxiety start acting up i seclude myself then that lead to feeling of depression and hopelessness that my anxiety will never get better and that i ll be a hermit forever anyone else feel that way,1,1,0.9935310996744648,0.9935310996744648,1,0.99988496,0.99988496,1,0.9932909,0.9932909
waiting for godot is a play where nothing happens two men stand at a bus stop waiting for a man named godot to come he never arrives that s existence waiting for someone or something that never arrives i ve been waiting for my friend for a long time and yet they never come i used to think i had a few close friend who would be there for me when i needed them but time ha proven otherwise so i m waiting for godot now but sooner or later i could simply find a ticket and take a bus,1,0,0.4985763115702622,0.5014236884297378,1,0.99988115,0.99988115,1,0.993171,0.993171
my gf ha several psychiatric condition including bpd ptsd and others and ultimately she say that she hate me and everyone around her for neglecting her and not helping this isn t entirely false a i have a few thing i m working on for myself but she undoubtedly ha it much worse she s been staying with me but primarily life with her parent a she can t be without her childhood home i m worried that me being around her is just making u co dependent or that my lack of real experience in psychology is making thing worse how do i know when i really am just making the situation worse by staying i am trying to improve and be a better support system for her but i m not improving fast enough problem is i m worried that if i leave her then she ll certainly have no real support even from her parent i realize it might be subjective but what are some thing to look out for,1,1,0.8868873872894047,0.8868873872894047,1,0.99990356,0.99990356,1,0.9939109,0.9939109
hey all i m 0 and i started taking 0mg citalopram in summer last year i had no side effect except for a decreased appetite and worsened insomnia i already suffered with that though everything wa going well until the start of this year when my anxiety suddenly got out of control my doctor think i grew resistant to the 0mg or something my dose wa increased to 0mg the end of feb for the first week i felt fine but then i started to feel nauseous the second week then over last weekend i began to be physically sick i take citalopram in the morning a soon a i wake up because i used to take it at night and it wasn t good for my insomnia a well a this for the good of being completely transparent i am a social university student who doe enjoy drinking even though alcohol wa fine with 0mg could it be possible that it is not now i know this is an important piece of context hence why i m including it basically did anyone else suffer with nausea and vomiting after increasing their dose should i be concerned that it s been week since starting the new dose and my side effect haven t settled also how worried should i be mixing citalopram with this new dose when i wa fine when i drank on 0mg thanks for any advice,1,1,0.9299903495345445,0.9299903495345445,1,0.999907,0.999907,1,0.9940299,0.9940299
a week ago i matched with someone on a dating app and shortly after starting to talk to them i started experiencing what i thought wa bad anxiety i m on antidepressant that usually surpress my anxiety really well so this wa really odd for me since then i ve been feeling nauseous anxious with an upset stomach every day even though everything s going relatively well in general and with this person i m talking to i ve never felt this much anxiety over a potential partner could this be excitement my heart ha been beating fast my leg feel a little light there s a tight feeling of nausea in my chest it can t be covid because the test i just took wa negative i just want this feeling of nausea to go away thanks,1,1,0.9800804008651481,0.9800804008651481,1,0.9999019,0.9999019,1,0.9938514,0.9938514
thecamacho danm i wanted to hear that studying suck,0,0,0.12855154807655925,0.8714484519234408,0,0.00049539754,0.9995046,0,0.014875907,0.9851241
can t believe cutner is dead on house sad day in santa rosa ca http loopt u orpl a,0,0,0.15572290771413097,0.844277092285869,0,0.0004552547,0.99954474,0,0.014208433,0.98579156
i am not happy that i am still not better i have tried everything from working out meditating cutting off toxic people exercise being open and expressing myself truly i only noticed that it s getting worst and i have realized for the past few month that i am having bad side effect from my meditation and my doctor didn t even wanted to let me cut of meditation and even lower my dosage but thank goodness he lowered it cause i wa pissed he is also the one that outed me to my father and my aunt his sister then to my mom that i wa gay and he is my nd doctor btw cause my first one wa also dumb and didn t understand my problem i am so tired of this feeling you know a feeling that you don t wan na do stuff but just lay down and wan na cry also a feeling that you don t wan na do stuff or even eat this feeling ha been with me since 0 9 now and even though i tried to be better it just becomes worst and complicated i am running out of idea on becoming better atp thank you for reading this keep safe and take care,1,1,0.9624382250542086,0.9624382250542086,1,0.99990547,0.99990547,1,0.9939765,0.9939765
i almost committed suicide i feel pathetic for not having been able to and i don t know why i stopped i suffer from bpd so this isn t the first time i ve either attempted or gotten close to doing it my friend don t know and i would feel manipulative or a burden if i were to tell them i guess i just wanted a place to talk about it every time i find myself in this type of situation it feel like i get closer and closer to the point of no return,1,1,0.9363301688955965,0.9363301688955965,1,0.9998989,0.9998989,1,0.9937518,0.9937518
no southpark for me,0,0,0.10909243327686623,0.8909075667231338,0,0.0006542086,0.9993458,0,0.01729793,0.9827021
mizzzidc imagine making sacrifice just to raise a child and said child flip up at you like this because of a sneaker she s gon na get back an average parent might go into depression,1,1,0.8382628898134138,0.8382628898134138,1,0.99989283,0.99989283,1,0.993548,0.993548
txt chat with jake lmfao it frikkin awesome i miss this effin boy so much awww hoping you would come back here na xxxx,0,0,0.10363671879373032,0.8963632812062696,0,0.00047672488,0.9995233,0,0.014568682,0.9854313
kimmyawesome ohhhh that suck i love the summer set,0,0,0.08843430099970258,0.9115656990002974,0,0.0004905234,0.99950945,0,0.014796234,0.98520374
rustyrockets it not my birtday something went wrong please reply or i feel you dont love me,0,0,0.4339294178449511,0.5660705821550489,0,0.00053281453,0.9994672,0,0.015475775,0.98452425
babyvtec yeah hw,0,0,0.0546022713950409,0.9453977286049591,0,0.00063194596,0.9993681,0,0.01697641,0.9830236
i just can t stop think about i see myself doing it in my mind all the time it s so hard i just want to do it rn i have a break soon i think i am gon na do it but i feel so bad for my friend but i just can t do it anymore,1,1,0.857762804545956,0.857762804545956,1,0.99988616,0.99988616,1,0.99333185,0.99333185
mistystilletto if it had happened to anyone else i would have peed myself laughing i scraped my leg,0,1,0.5163023223092631,0.5163023223092631,0,0.0007983358,0.99920166,0,0.019266538,0.98073345
hitting the gym afterwards looking forward to rewiring my studio yet again,0,0,0.10915771346054536,0.8908422865394546,0,0.0006699896,0.99933,0,0.017522769,0.98247725
my friend ha suffered with depression for what seems most of their life and recently it s become apparent that it s become worse due to them distancing themselves being more irritable and stressed and even mentioning suicide they have also withdrawn from doing thing with me a much when we used to do thing very often i try to support them already of course but since i don t necessarily deal with severe depression like them i struggle to know how to handle thing sometimes what are some tip on how i can be there for them and support them many thanks if anyone answer a i really want to support my friend,1,1,0.9941608649724988,0.9941608649724988,1,0.9999025,0.9999025,1,0.9938719,0.9938719
arielehenriques why do i feel like your preaching to me lol damn i m guilty,0,0,0.2886382183040489,0.7113617816959511,0,0.0009299868,0.99907,0,0.020923214,0.9790768
theekween vhulivhadza help those who suffer from depression anxiety heart break or have witnessed something traumatic thelmasherbs,1,1,0.9553921971999243,0.9553921971999243,1,0.9998758,0.9998758,1,0.9930067,0.9930067
how do you get over it,1,0,0.2495022695910626,0.7504977304089374,1,0.8439397,0.8439397,1,0.7170798,0.7170798
i know these question are probably annoying and kind of outdated now since most people i know are fully vaccinated but i just need the extra reassurance that i ll be alright i have my first dose and it wa fine pfizer but i m so freaking nervous about the second one it s so funny how my anxiety work around this i have health anxiety and worry about getting sick a lot so it s like get vaccinated but i m scared of the side effect lmao how were your preferably positive experience with your second vaccine,1,1,0.9697023074678081,0.9697023074678081,1,0.9999033,0.9999033,1,0.9939028,0.9939028
i wouldn t necessarily say i don t know what i really want in life it s more like i m still experimenting on what i enjoy to draw and to make a career out of it hopefully replace it with the current job i m working in a for the current job i m working a a custodian housing custodian at a university it s a lot of work and you got to be extremely fast pace and versatile i m diagnose with chronic depression anxiety and obsessive compulsive disorder it s so hard trying to keep up everyone s expectation i m always slow and having a hard time trying to finish everything i just feel like i m letting people down and i try so hard to push myself over my limit to match theirs i can only do what i can and i even told my supervisor about my disorder to accomodate me which he did but i still feel like perhaps i m not the right canidate and i m fearing the call of being fired and getting complaint for not finishing certain amount of floor on time my mindset so far i m doing what i can and if it s not enough then i tried my best but i know with my mental disorder i will go back down the spiral i called my supervisor and express my frustration even though he said everyone adores me and i m being too hard on myself i know these compliment won t last long i really don t want to quit this job but i feel like shit when i m bringing other people down with my slow dumbass illness,1,1,0.9808946292987274,0.9808946292987274,1,0.9999074,0.9999074,1,0.9940433,0.9940433
i am mentally exhausted i have so many problem that i can not deal with my older brother bully me daily and all i do is just sit and listen to it if i tell him to stop he will just continue to be more annoying i have a lot of health problem my parent dont want to take me to a doctor because they think i am lying so i have to do it myself i am not legal in my country i go to school and put on a fake personality and laugh people bully me even there not physcally but mentally they tell me i am dumb weird skinny crazy i have zero friend in real life i have online friend that used to help me with everything and even made a workout plan for me all of that faded since my health is sucking rn my parent call me crazy daily becayse i like ti play video game for hour a day that is crazy to them even tho everyone else tell them it normal all i feel inside if me is just fear sadness and hopelessness 0 good or happy thought i thoght dozen if time about suicide i can t do it i have ocd and that top of everything and obliderates my life and make me suffer even more i can t take it anymore i don t knoe where to go or what to do it like i don t belong anywhere or cant do anything all i can do is whine on random subbredit because i have no one to talk to is this all life really is i know you might say ohh but if you try to get yourself up and get motivated and do stuff trust me i tried it many time it fails because of family problem etc am i worth saving is my life really worth living,1,1,0.9971139904402907,0.9971139904402907,1,0.99990463,0.99990463,1,0.99394774,0.99394774
retracelady djslump morning oh no more of them terremoto earthquake italy,0,0,0.034526981842644286,0.9654730181573558,0,0.00052349863,0.9994765,0,0.015328304,0.9846717
t wolfe i miss u too i m totally comin back tho lastnight wa sooooooo much fun,0,0,0.07969342329476568,0.9203065767052343,0,0.00044052477,0.99955946,0,0.013956709,0.9860433
a i write this it feel so attention seeking like i am looking for a reason to stay a reason to feel i have all the reason right in front of me my girlfriend my best friend my dog however none of it matter i m drunk and all i want to do is die i m scared i m scared of how that will make my friend family and girlfriend feel how can i put them through that i wish i didn t care i wish i didn t care about their feeling i wish i could just go get a gun or in my car and resume back to the chapter before my birth sometimes surviving an event is the hard part me surviving life is the hard part it feel like i could go in forever forever knowing that it s just chemical in my brain that make me want to blissfully enjoy the enteral slumber that awaits u all medicine scare me what if it change who i am the last time i wa on the medicine i slept for the majority of the day unable to get out of the blissful slumber that carried away my thought and sorrow eventually i ll have the gut if i rid myself of everyone who care,1,1,0.9729391139359361,0.9729391139359361,1,0.9999064,0.9999064,1,0.99401146,0.99401146
gen marie i hope we can fix you in california at least,0,0,0.13971937821018024,0.8602806217898198,0,0.0005443795,0.99945563,0,0.01565718,0.9843428
deadline ahead,0,0,0.11399779312430128,0.8860022068756988,0,0.0008437905,0.99915624,0,0.019852104,0.9801479
fionamccarthy i am sure it will i have got load to do today,0,0,0.10754778805076141,0.8924522119492386,0,0.0005491467,0.99945086,0,0.015731432,0.98426855
savicevic aww i won t be that roommate next year,0,0,0.16645184346941996,0.83354815653058,0,0.0004941428,0.9995059,0,0.014855432,0.98514456
i don t know if i want to die but i wish i wasn t ever born i am so fucking confused i constantly imagine myself getting hit by a train or jumping from high building i browse way to get oneself killed all i have are negative thought i imagine myself killed in accident or fight i am on medical study and i am not fucking interested in anything that these study involve i hate each and every one of people that are in here my group are all guy whose goal in life is to fucking learn a much a they can and boast about it later if they only have chance destroying other people by chance they are not fucking human i tell you their mindset is fascist hurting and non respective for others that i sometimes ditch fucking day on uni because of it they are fake pretending to be your friend while the other day they plunge you in front of every other my friendship with my only true homies from high school is constantly deteriorating my best friend got himself a girlfriend and got so fucking high on her that he completely lost touch with reality he doesn t fucking care anymore i do not have a girlfriend nor a chance to get one i do not have perspective for my life my real ambition are completely separate from the path that i ve already chosen every day is the same i don t find enjoyment in life i hate degenerate humankind but i am somewhat a degenerate myself i suspect myself to be fucking autistic because of symptom that appear in everyday social interaction call me stupid incel or whatever i do not fucking care i just needed to write this,1,1,0.9688427578503076,0.9688427578503076,1,0.9999044,0.9999044,1,0.9939389,0.9939389
not sure if actually anxiety related tbh recently during spring break my stress got the best of me and i ended up isolating myself and feeling unempathetic towards those who tried to contact me so i gave up on trying to express my feeling over text and wa really struggling with messaging and stuff today i realized that i wa having trouble getting any word out while speaking to those at school and my best friend yet i could talk to my family fine it s making my friend uncomfortable and i believe they are upset with me yet i can t even get my word out over text not sure what to expect putting this out there hoping for any explanation or help,1,1,0.8940023796547374,0.8940023796547374,1,0.9999032,0.9999032,1,0.9938991,0.9938991
blahhh my throat is sore amp i keep coughing i hate being sick,0,0,0.07860543974373288,0.9213945602562671,0,0.0005520168,0.999448,0,0.015776,0.984224
is not going to sleep tonite,0,0,0.04942755253627505,0.9505724474637249,0,0.00049173075,0.99950826,0,0.014816008,0.985184
i m not sure where to even post this but i m hoping someone who read this can relate for the past month everything feel wrong or off but there is objectively nothing wrong i started a new long awaited and anticipated job and quit my horribly toxic previous work place this wa the moment i had fantasized about for the last few year but ever since then i can t seem to feel ok everything feel chaotic and out of place but nothing else ha changed i am on a good routine but i still feel out of control again absolutely nothing is out of control in fact looking from the outside in my family is in one of the best stage of life we have been in why can t i seem to feel at home or grounded i feel a constant longing for something but i have no clue what it is i can t come up with a solution to this feeling because when i think about it logically i can t find anything to fix i just can t feel ok,1,1,0.9713963998181515,0.9713963998181515,1,0.999905,0.999905,1,0.99395823,0.99395823
being border restricted victim day by day we getting engulfed in frustration depression suicidal attempt and much more that we can t express in word depression fmwangyisaveindianstudents takeusbacktochina 00,1,1,0.9430247911593906,0.9430247911593906,1,0.9998989,0.9998989,1,0.9937523,0.9937523
watched smallville x last nite http twurl nl iyar d ep could ve been so much more but yet again the decision made fail to impress,0,0,0.2517202627847236,0.7482797372152764,0,0.00049596175,0.999504,0,0.014885106,0.9851149
so glad i made it through work with an extra hour too and my paycheck still waiting on the one i lost though,0,0,0.1210604759319446,0.8789395240680554,0,0.00067921076,0.9993208,0,0.017652996,0.982347
i think i ll try tonight i ll go on a late night walk and accidentally trip in front of a car that way if i fail i won t have to deal with all the shit,1,0,0.23311771199554512,0.7668822880044549,0,0.008883657,0.99111634,0,0.069278866,0.93072116
is at work xx,0,0,0.04988003905362906,0.950119960946371,0,0.0006709315,0.9993291,0,0.017536107,0.9824639
lsd wa used in the treatment of anxiety depression psychosomatic disease and addiction http t co zdxhkdqean,1,1,0.9643500230775746,0.9643500230775746,1,0.9998853,0.9998853,1,0.99330574,0.99330574
hi all i m working in human resource for a smaller company and we re keen to making sure we re being inclusive we ve managed to implement flexibility for those who celebrate different religion belief new parent and a variety of physical disability but we re still learning when it come to neurodiversity generally we re very ambitious and strong believer in inclusion for all so we want to make sure we re going above and beyond rather than just doing the bear minimum my question for you is what process and or action have you seen company take that were groundbreaking or in some may made a major difference to you a someone with anxiety it can also be something you heard of rather than something that happened to you specifically if you don t know a company doing something that you feel would be very effective what would you love to see a company do,1,1,0.7880878436627937,0.7880878436627937,1,0.99990726,0.99990726,1,0.9940386,0.9940386
f i m planning to kill myself perhaps next month i m just gon na put it all out there because i have nothing to lose now i missed year of school because of mental health and i wa in a psych ward for 9 month due to this i have no friend at all only my mum and i m grateful for that now i m in year in a hospital school trying to cram year of lost education into my brain my gcse s are in a month and i m going to fail even though i m only going to be doing two of them english language and math i cant even get to college don t get me started on uni i m going to be a nobody struggling to find a job i bet my mum is so disappointed in me but she doesn t wan na say it my future is over i m over even though my life ha just begun i d rather end it now than be known a the waste child i ve been planning my death for a long time now i can t take this anymore this disappointment in myself i can t take it,1,1,0.9342375919877809,0.9342375919877809,1,0.99990535,0.99990535,1,0.9939732,0.9939732
after these few day i ve slowly started to realize something i m a living bad omen i have so many issue i m so mentally ill so many disability my life ha never been the slightest bit normal nothing is ever easy i m stuck in an asian household i m probably gon na forcefully get married be a housewife and get forced to have child i m not even a woman but this is a very religious country that belief what you are is what gender your assigned at birth i did fall in love really hard but he s across the world from me his mom hate me and everyone is against our relationship and i m causing him more harm than anything and he keep trying regardless to be with me i hate that i feel so bad because i m not worth it and it s not going to amount to anything these few day proved to me that i just have to accept that my life wa meant to be a misery so many problem so many illness cant even go to school i ve already attempted today didn t work i wasn t strong enough so now i m just injured i ve got absolutely nothing going for me i m just wasting my parent money for food and clothes they just wanted a normal kid who can make them proud i can t even leave the fucking house i can barely even see god decided to give me every single bit of ugliness there is in the world and i m slowly starting to accept that i wa rebelling against it for awhile i can still amount to something the world can t hate me forever but i know it isn t true i wish i could pas in my sleep or be able to get a noose to tie on my ceiling fan waking up every day is an absolute misery for me and i m just causing more pain to everything and everyone around me imagine living a life where you can t even look in the mirror that s me i have never once willingly looked in the mirror god won t give me anything and i ve stopped expecting anything at this point death is my only savior because life hold nothing for me only failure hatred instability and vulnerability,1,1,0.9923416513266152,0.9923416513266152,1,0.99990344,0.99990344,1,0.99390775,0.99390775
how sad i did not know andy hallet died http tinyurl com dhq xv,0,0,0.061339601452794906,0.9386603985472051,0,0.00049600564,0.99950397,0,0.01488582,0.98511416
i don t have someone emotionally close by my parent do love me but it s cold and lack intimacy i am looking to feel emotionally safe i am trying to find a girlfriend with whom i can be safe emotionally but till them i feel i am fighting alone with no one to give me a hand if i fall emotionally to get up so i fear doing lot of thing i live in state of fear like i might one wrong thing with a date work etc and domino will fall and everything will come crumbling down which will now even push me off my physical safety couple of thing about me i am m brown man from india currently living in europe i had childhood where i had oppositional defiant disorder imagine the junior healy from problem child or the movie the babadook but he had understanding father i didn t had such supporting figure and school made it clear to my mother if he isn t disciplined he will be kicked out of school and she fearing i would not have better future without school education i will be left behind she implemented corporal punishment like kicking me hitting with metal rod etc and routine shaming at school for me being bad wa common getting kicked out of class wa common so much that now i joke about my childhood a being and outstanding student because of many time i wa to stand out of class there wa a point when thing got to boiling point that my mom wished i wasn t born to her eventually i realized the pain i caused people about me i started to doing thing to make others my mom happy well i tried it didn t worked always i never lost my rebel streak but a constant ping in my head would haunt me of thing i have done to cause others inconvenience in past somewhere down the line i lost myself and i trying to be myself but i fear of falling in my old self and everybody hating me i have fear of judgment like one recent example i live in white neighborhood and given the medium doesn t have that many positive image of young brown man other than extremely nerdy or extremely creepy and i fear if i like someone who isn t brown might judge me don t get me wrong if a stoic brown girl come in my life with good sense of humor and decent looking i don t mind having a relationship with her but i fear if we both have exposed to similar set of medium trope she might judge me by same parameter i try to use humor a coping mechanism to make people around me happy but then get in overthinking and depression mode if one person doesn t laugh or find me annoying i have intimacy issue i think i don t remember exact detail but i wa being cheeky a usual with a girl back in india she wa laughing at my joke and at one point she said you so cute and hugged me that feeling of hug felt so foreign that i stood there frozen i am hyper independent cause my mom have warned me since childhood that world is not safe place and people can take advantage of you so never be under anybody s thumb which i guess make sense not gon na lie but it also make you skeptical of lot of people which is also not good i guess i will help someone with no second thought but asking for help make me feel like keep a large rock on my heart so i forgo my need seeing happy couple make me depressed a i feel left behind like i should have done this long time ago anybody can tell me something or provide me with link or insight a for now i couldn t afford therapy i am trying to find one i am in talk with a therapy at a church in a city thanks a lot,1,1,0.9977347398820923,0.9977347398820923,1,0.9999064,0.9999064,1,0.9940103,0.9940103
hillary00 i m sure everyone ha ruined my gift to you whitney ha my serious cell we doing easter a well,0,0,0.1897564200003234,0.8102435799996766,0,0.00061217294,0.9993878,0,0.016686369,0.9833136
this person mean the world to me so this hurt more than i can ever describe from what they have told me they haven t really struggled with mental illness so how do i make them understand,1,1,0.5987161362281365,0.5987161362281365,1,0.99987066,0.99987066,1,0.9928469,0.9928469
quot blip fm is undergoing maintenance quot sorry no music tweet for now i m shaking already,0,0,0.031252880221170315,0.9687471197788297,0,0.00046793828,0.99953204,0,0.014422183,0.9855778
dierks bentley is comin to columbus oh i wan na go so bad,0,0,0.08555424993002338,0.9144457500699766,0,0.00046106256,0.99953896,0,0.014306645,0.98569334
okay so still no school,0,0,0.1364118682898482,0.8635881317101518,0,0.0006365612,0.9993634,0,0.017043488,0.9829565
so here i am at a baby shower only person i know is the expectant mom sitting at a table by myself i hate event like this,1,0,0.33105314167851946,0.6689468583214806,0,0.005458097,0.9945419,0,0.05375183,0.9462482
artistofcalcio amyisunited all of them will be i imagine i mean i have sympathy for him having depression but his performance haven t been good enough over the last year amp he wa quite happy to let raiola disrupt thing every month,1,1,0.9136353347246741,0.9136353347246741,1,0.99989676,0.99989676,1,0.99367976,0.99367976
still feel feckin arseholed a sign of old age me think,0,0,0.377938774291125,0.622061225708875,0,0.0007865443,0.99921346,0,0.019112095,0.9808879
sleep for now then get up in hour then a very busy week aghhhhh,0,0,0.0999510564242264,0.9000489435757736,0,0.000750245,0.99924976,0,0.01862972,0.9813703
essay time,0,0,0.1415945656731185,0.8584054343268814,0,0.0013928462,0.99860716,0,0.026009936,0.9739901
hi all i m f i ve had very bad anxiety disorder since 0 0 when my uncle passed away the following year i started taking medication and while it help it s not a cure all both my parent passed under different circumstance in october and it s wrecked my emotion i try to do the best i can but sometimes it s just a mess i m out of town right now and i feel so outside of my comfort zone i know i m safe but my stomach is in knot and sorry tmi i haven t left the bathroom much doe anyone have any advice is there anything i can do to calm myself or center myself thank you in advance,1,1,0.9190054048510466,0.9190054048510466,1,0.9999057,0.9999057,1,0.9939825,0.9939825
humpninja i cry my asian eye to sleep at night,0,0,0.0753610630630303,0.9246389369369697,0,0.00060870365,0.9993913,0,0.016635038,0.98336494
deucetwt dont think so it either new mechanic or you battle depression,1,1,0.8813241807258964,0.8813241807258964,1,0.9998578,0.9998578,1,0.9924678,0.9924678
this bug me so much and make me want to cry whenever i m with others or even just chatting to stranger i m chatty relaxed and pretty confident no one would ever think that i wa someone that ha social anxiety i m totally fine at party social gathering etc however i get socially anxious a fuck when getting public transport on my own or simply being anywhere new and scary on my own walking through a busy city a people around me look at me why am i like this,1,1,0.9029802715022966,0.9029802715022966,1,0.9999032,0.9999032,1,0.99389654,0.99389654
depression is my friend,1,1,0.99966035395539,0.99966035395539,1,0.9998166,0.9998166,1,0.9913428,0.9913428
stuff finding a small enough picture i will jsut have to be this weird face for the rest of my twitter life lol,0,0,0.2249875898083745,0.7750124101916255,0,0.0007853752,0.99921465,0,0.019096725,0.98090327
theekween thelmaherbs heart break depression anxiety http t co d y mfb w,1,1,0.9800674382909604,0.9800674382909604,1,0.9998733,0.9998733,1,0.9929264,0.9929264
i have a pretty good life my husband is great we have our fight and stuff but overall he s amazing we have a nice apartment husband ha a job we have money for grocery and bill i m graduating college in may i think i ve got a good job lined up for after graduation my parent get on my nerve but they love and support me my sister is becoming a good friend a we have gotten older and not a annoying my in law don t really mess with u much anymore when they do it s nothing crazy but i still feel so sad all of the time i hate it i have no motivation i do stupid thing because i have no self control i just lay around any chance that i get i m not productive i just hate myself i m not a fit and i don t take care of myself anymore i have little desire to i just am wasting away then i get mad at myself because i shouldn t feel this way i have reason to be happy i m just not,1,1,0.9212775595352021,0.9212775595352021,1,0.9999026,0.9999026,1,0.9938775,0.9938775
every time i think thing are getting better they suddenly go to shit is it even worth trying anymore i ve hit an all time low and my confidence ha never been worse which is kind of uncommon because my confidence go last usually everyone seems to be getting happier and they all have plan for the future but i still feel like i ve a long way to go when it come to starting a new chapter in my life i m exhausted this overwhelming emptiness doesn t ever go away it only get filled with sadness and anger,1,1,0.93850541838773,0.93850541838773,1,0.99990034,0.99990034,1,0.9937982,0.9937982
shannanstedman haha i got to be up at and sit through a hr mass umm like ish is that alright is that too late,0,0,0.139979059942264,0.860020940057736,0,0.00050954055,0.99949044,0,0.015105041,0.98489493
no one will read this but there would be occasion i took benzodiazepine and alcohol together and had no memory for example mg ativan and a beer or beer and three ativan or beer and ativan i haven t done that in awhile issue is i am having extreme anxiety that i have ruined my brain chemical somehow like very bad and now i ve convinced myself i ve ruined my brain and i m going to be anxious forever,1,1,0.6017213511902055,0.6017213511902055,1,0.9999031,0.9999031,1,0.9938937,0.9938937
oh wtf house not cool,0,0,0.10286051347874299,0.897139486521257,0,0.0005217395,0.9994783,0,0.015300319,0.98469967
i would know if i had a brain damage injury anyersum or my brain is bleeding in the past like month ago my ex boyfriend would punch me in the head pull my hair one time he punched me really hard i had a bump and a extreme headache for day it went away i never went to get it checked because it went away something would have happened by then right if i wa bleeding or had something going on from then on i been stressed and i have headache everyday mainly at a certain time i been diagnosed with anxiety and panic disorder i just need reassurance im okay right i wa playing a game on my phone all of a sudden my head started feeling really tight and weird anyways the point is is the stress causing it he used to hit my head alot the last time wa like month ago but before that too other than the concussion i felt fine would i have blacked out if it wa bad enough to do damage i never did i been fine but i started having headache reccently maybe stress im fine right plz give me reasssurace answer this i would know if i had a brain bleed how long after a accident can ur brain bleed,1,1,0.9654606178540952,0.9654606178540952,1,0.9999063,0.9999063,1,0.99400616,0.99400616
oh and my agent had me booked out the wrong day x 000000,0,0,0.08520781527462094,0.914792184725379,0,0.0005706403,0.99942935,0,0.016062574,0.98393744
sniffinglue ohhh i love it p i m sad we didn t get to hang out,0,0,0.08041756781936299,0.919582432180637,0,0.0005612444,0.99943876,0,0.015918547,0.98408145
i genuinely wish i could say fuck this i m out there s so many responsibility and yet so little life in me to carry all those thing i just hurt someone i love accidentally of course because i wa trying to hurt my self and that s so fucking depressing and embarrassing for god sake i m almost and still acting like a bratty teenager my body hurt my heart hurt can someone please just kill me already,1,1,0.8823140346391339,0.8823140346391339,1,0.9998932,0.9998932,1,0.9935582,0.9935582
so tired but can t sleep,0,0,0.08106223649705539,0.9189377635029446,0,0.0008091404,0.99919087,0,0.019407121,0.9805929
i am no job no career suffering from severe depression and anxiety for year therapy med nothing help suffered emotionaly since teenage now m here all alone no one close totally done with life and thinking to end it thank u for reading,1,1,0.9884940155603967,0.9884940155603967,1,0.99990094,0.99990094,1,0.9938206,0.9938206
alone at the office,0,0,0.18312534376131104,0.8168746562386889,0,0.0016610126,0.998339,0,0.0285883,0.9714117
been a long course she got sick over a decade ago and wa showing sign before 0 when i wa little idk why but i thought it wa my sole responsibility to protect her from harm my folk didn t get on well but there wasn t any violence between them but we the sole make son i had seen controlled violence against me trust me it wa hershey s kiss compared to what my old man got but i suppose it set that fear well now after a damn near decade of helplessness not being able to accomplish the purpose i gave myself i m not sure what to do with myself i ve been a bad son i ve been a bad brother i ve been a damn good uncle and that where i try to make up but every aspect of my being is tied up in his maladaptive relationship not the abject relationship with my mother but the consequence of her getting sick and the turmoil it caused the family never the le to myself a i watched the only person i trusted fade away idk i don t know if i could have done more i wa 9 when she got diagnosed and i just pushed it away externally but internally i bought a camera talked with her into the deep of the night but i couldn t help it wa what it wa i couldn t make right and when it all went to hell i went to hell and couldn t handle it tried to od twice after i knew the thing wa up and she wa no longer there there were glimmer but they were prob more in my mind than in truth well that sucked it wa awful i d imagine what we should know about this illness is it literally contorts the mind to it s own end deep depression take away your soul and breath it s true hell but thank god i wa lucky icu wasn t bad cause i don t remember trying to gain my muscle mass back after my kidney went all to shit sucked straight up took another year of therapy and just reintegrating with life to resemble stable and after that i had the pure delight of the best year since i wa a kid depression never go away but when life shine it shine it so damn hard to see that a a possibility when you are in the void but i swear to what ever god it doe exist it s a hard road but no harder of a road than you have seen before when you are in the void it is living a a shadow inside of a shadow it s being a observer and not a participant and seeing life for it brutal nature without being able to taste it fruit is utterly awful but for those who can t smell the fruit it s there i swear on my life my utterly maladjusted fucked up terribly prob gon na die of some impact of my attempted od s dipshit life that fruit is worth it i m at the end of an era and i m frankly worried i m gon na relapse i in fact know i will and i m going to want to die again after the sum of all my fear a a child being realized i can t imagine any different but i know know better i m setting up appointment with folk once i bury my mom i pretty sure in some sense i will die but i know it s worth the fight to not truly die it would be a waste my small dumbass experience a a kid when my folk were healthy basically said this kid need therapy,1,1,0.9922109064176827,0.9922109064176827,1,0.999907,0.999907,1,0.9940288,0.9940288
im sorry im so fucking sorry i don t know why i act this way im so fucking angry and im so fucking sad that it hurt but i wish you would understand why i act the way i do im sorry i feel so sick i wish i never met my abuser i wish i could just act how i should i wish i didn t treat everyone like shit im manipulative im awful im terrible im disgusting i deserve to bleed out im sorry please i would beg for your forgiveness but i know i d just end up doing it again if you were my friend again i can t stop cutting myself i can t finish my food i can t stop cry i am so sad i am so tired it hurt it hurt so bad i deserve the karma i am going to get for treating ppl this way,1,1,0.7449195192980427,0.7449195192980427,1,0.9998983,0.9998983,1,0.99372923,0.99372923
fell asleep really didn t mean too christina,0,0,0.14394182697772986,0.8560581730222702,0,0.00050812407,0.9994919,0,0.015082231,0.98491776
i have a constant fear that i m going to have cardiac arrest or a fatal arrhythmia i f in good health just got back from the gym and it wa great now i m in my car about to get lunch and bam my anxiety kicked in and my heart started beating soo fast honestly it probs only beating 00bpm and all i can think about is what if i die from a cardiac event i m on beta blocker literally for my anxiety and am in therapy but sometimes these thought happen from time to time and it s frustrating i have no real problem with my heart and it s all in my head but sometimes i just wish it would turn off,1,1,0.9274366974413071,0.9274366974413071,1,0.9999043,0.9999043,1,0.99393266,0.99393266
don t want to live anymore i m tired of this i m tired of being in society and having to be with people just want to be left alone forever fuck everything i m a failure,1,1,0.9039516779941602,0.9039516779941602,1,0.9998698,0.9998698,1,0.9928237,0.9928237
want her step brother home im so worried you dont even know i hope he know how much i care for him,0,1,0.7731274350906895,0.7731274350906895,0,0.015542465,0.98445755,0,0.092298426,0.90770155
ojiaku9 make i save myself from depression first,1,1,0.9737000196338762,0.9737000196338762,1,0.9998542,0.9998542,1,0.9923649,0.9923649
i hate the constant stress i hate the nonstop work i hate the isolation i hate everything about college but i have realized that my working life will likely be no different work for most of my life dread work for the rest of it and repeat until i die i want to speed up the process and end my life but i can t leave my family in that much pain so i m just stuck in this hell with no escape i am on medication and seeing a therapist it help but it s not enough,1,1,0.8338091448408874,0.8338091448408874,1,0.9999037,0.9999037,1,0.9939137,0.9939137
we ve been good i m not liking the snow right now wa getting used to the nice spring like weather how about you,0,0,0.20846184713733076,0.7915381528626693,0,0.00061839534,0.9993816,0,0.01677811,0.9832219
sometimes it s not even mental anxiety somedays i just feel it physically i can be totally okay in the noggin but my muscle are tense i m really cold my leg can t stop bouncing my jaw is clenching my nail are digging into my palm then i get up and the world feel woozy that s when i realize how exhausted i am despite hardly doing anything that could ve caused that exhaustion no anxious thought just an anxious body,1,1,0.8788327080429863,0.8788327080429863,1,0.9999063,0.9999063,1,0.99400735,0.99400735
already been on ssri s and they didn t do anything i don t desire companionship or want relationship just want to kill the desire entirely,1,1,0.578428412317297,0.578428412317297,1,0.9998388,0.9998388,1,0.99193305,0.99193305
i have hit 0 and i had friend from highschool left i kept seeing them for the last few year but when i see them now i feel lonely and i basically cut content a few week back i have one friend left who is going through load of stuff and hardly ha any time to hang out so i basically feel so alone all the time it s crippling i feel like i m a ghost in this city no friend left no opportunity i just feel like i failed not getting out of here sooner i live in perth western australia and i wanted to move to melbourne year ago and a i wa getting ready covid struck and now i m stuck in a city i hate with people that don t value friendship i wa seeing a girl form month and she ended up cheating on me with my friend and her ex husband she broke my heart told me she loved me i invested a bit of money in cryptocurrencies and i ve 0k fuck i had enough for a deposit on a house or a new car what do i do instead i let my depression destroy me i spent 0k on hooker and weed i went through month of pure destruction i am sitting on 0k left now in cryptocurrencies i doing a bachelor of marketing and i wa going to elaborate graduating with my friend yet after the girl cheated on me i wa emotionally fucked i dropped down from unit to unit then i found out my brother wa raped he is and that dropped me so low i should have protected him then i finally got off the weed a month ago and now i have this crippling depression that keep getting deeper i keep isolating myself i don t go outside because i don t have a job i m working on getting down to the mine here so i can actually earn a living and buy some cryptocurrency honestly turning 0 ha been the worst for me i m at such a cross road and my mental strength ha been reduced to nothing the other day nearly drove myself off the road on a steep hill i thought of my family last minute and decided not to,1,1,0.9797983385280377,0.9797983385280377,1,0.9999057,0.9999057,1,0.99398285,0.99398285
im currently looking into getting a diagnosis for gad but it the meanwhile i have been thinking i have been on multiple different medication different diet being more physically active therapy etc and yet despite everything i haven t made any progress into controling my anxiety it still control my life i m so tired of being worthless and i don t know if i ll ever be happy with my life,1,1,0.8930443711391132,0.8930443711391132,1,0.9999014,0.9999014,1,0.99383426,0.99383426
haven t had one in awhile took med still nothing helped,1,0,0.46163369625358003,0.5383663037464199,0,0.0008592526,0.99914074,0,0.020047897,0.9799521
self explanatory title i can make it through the day when distracted with a busy day at work or surrounded by friend but a soon a i m alone or i have a minute to think i realise how deeply unhappy i am in almost every aspect of my life i don t want to die i know there s thing to live for like family friend travelling new career potential love and child and maybe being one day happy but every day i wake up and struggle i feel little part of my health and sanity being chiseled off one by one and i just don t know how long i can do this for before i just give up,1,1,0.9600555668857929,0.9600555668857929,1,0.9999007,0.9999007,1,0.9938112,0.9938112
i can only explain it a a similar feeling to when you re drunk and your head feel heavy and you feel a bit woozy thing aren t moving and the room isn t spinning but because i have a fear or being dizzy i focus on it so much that i ll look at something to see if it move and then eventually it will obviously that s because i m focussing so hard doe anyone else suffer with anything similar how do you counteract it,1,1,0.8537674177570791,0.8537674177570791,1,0.9999002,0.9999002,1,0.9937962,0.9937962
tpmp divizio nous demandons la production que delormeau soit suspendu de cette mission et que cyril hanouna et c s excusent publiquement aupr s de tous le enfants qui sont suivie en p dopsychiatrie et qui sont en d pression cause du covid je pense emma de tout c ur avec elle,1,1,0.8115246286937783,0.8115246286937783,1,0.99987054,0.99987054,1,0.99284655,0.99284655
just picked up some oat from the market to eat for breakfast with my boy adamgoldston now time to do work at usc late night,0,0,0.08868353865013043,0.9113164613498695,0,0.00051673676,0.9994833,0,0.015220493,0.9847795
if you get a concealer for hiding your dark spot then why dont you get one for your emotion emotion dark depression quote thought anxiety,1,1,0.871837744149013,0.871837744149013,1,0.99987733,0.99987733,1,0.9930515,0.9930515
just a motivational quote,1,0,0.09886126035140959,0.9011387396485904,0,0.008695997,0.991304,0,0.06851747,0.93148255
life in sc i have been struggling financially for year and faced homelessness on and off i can t do this anymore i m not mentally or emotionally stable at all i fucked up by quitting my last job week ago because i wa committed to ending my life since i had to pay a 00 bill for accidentally causing damage in my apartment luckily my partner who life faraway helped me out and covered it for me for the longest my life been going downhill i have no family to turn to because i m distant from most of them including my own mother because they re toxic or they would never pick up the phone at all my older sister is the only one i talk with but not really at all i have no friend at all the only people i really have is my partner and my older sister sometimes and they ve been helping me through my situation i feel like a complete burden to them i temporarily lived at my cousin s house and experienced verbal physical abuse and destruction of my belonging from his wife then wa kicked out after a couple of month she kicked me out the house every other week because i wa short on my portion of the rent or out of pure pettiness i been homeless either out on the street park area or living in my car from time to time then i wa ultimately kicked out after she randomly decided she doesn t want to see me again even though i paid for my portion of the rent i did managed to get an apartment on short notice with the help of my partner but i had trouble paying for my bill i had different job and the pay wasn t good at all on top of that they were cutting my hour a lot i barely make it to paying my rent multiple time and i wa hit with a late fee every time i ve been attempting to kill myself many time because i m so tired and stressed out with this uphill battle nothing ever work out in my favor i can t do anything right at all i ve been going day without eating having water or electricity because i m way behind on bill and being broke barely have gas to get to the job i had i tried applying for different assistant program but i only get denied or never hear back from them same thing with applying for job online and in person either they re not hiring never called or i have to wait awhile i sold nude and foot pic before but i couldn t get client who s willing to pay i know some of my problem are because of my own irresponsibility i can never catch a break at all i just can t act get right no matter how hard i try i m always stuck,1,1,0.9798384820613735,0.9798384820613735,1,0.9999063,0.9999063,1,0.99400383,0.99400383
when i get mine i m going to do a tour of copenhagen with it hmmph i can t top that must get thinking http tinyurl com c trgj,0,0,0.11846500633361885,0.8815349936663811,0,0.0006360163,0.99936396,0,0.017035587,0.9829644
royroycfc lfcbbc within three tweet you have exhibited of the stage of grief it s okay i can provide a helpline before you enter the depression stage if you want,1,1,0.5661621051757849,0.5661621051757849,1,0.99988735,0.99988735,1,0.9933709,0.9933709
i just did the sweetest ol boy he wa and telling me about when he wa in the war,0,0,0.3772512570748666,0.6227487429251334,0,0.0008417676,0.9991582,0,0.019826362,0.98017365
you know what suck finding out i have a burned out tail light when the store are closed plus they are not open before i work,0,0,0.15794415400403708,0.842055845995963,0,0.00062709214,0.9993729,0,0.016905608,0.9830944
been a stressful few week dealing with my college that overcharged me and now won t help me with getting the money back bank lost the check i asked the college if they could cancel the check and refund the money to my bank account but the lady who answered the phone at the college blamed me for not knowing what a check is and said that s my problem hence i had to keep calling the bank again and again w no answer to rectify the situation when they did pick up the bank blamed me for not notifying them that the check wa from the college i showed the bank the letter from my college in person so they should know the full situation and even told her to track the check number and amount but she said it couldn t be done but when i called the hotline they were able to do it idk why but this stressful situation ha made my anxiety skyrocket to an all time high i keep thinking someone will blow up at me and call me stupid i grew up with a father with an explosive temper who would curse you out for 0 minute for spilling water and wouldn t hesitate with getting physical i know this doesn t make sense but i feel like someone is going to blow up at me and i would be powerless to stop it i feel like everyone who i dealt with actually hate me and my heart won t stop beating so fast and i feel nauseated all the time i wa cry in bed last night because of how stressful this whole situation wa i know other people have been through worse and i m sorry for posting this but this anxiety and all the bad thought is really taking a toll on me please i really hope someone know how to deal with this,1,1,0.9621137890540222,0.9621137890540222,1,0.9999044,0.9999044,1,0.9939394,0.9939394
oops havnt been on a while so much school work hardly any time myself,0,0,0.15933084819155025,0.8406691518084497,0,0.0005226643,0.9994773,0,0.015315038,0.98468494
choclatdrop 0 he s not paying me any attn,0,0,0.10781246618813752,0.8921875338118624,0,0.00052238867,0.9994776,0,0.015310653,0.98468935
my therapist asked me if i need anything but i never know how to answer this yes but i don t know what to stop feeling this way i just feel worse for not having an answer so i say i don t and than i feel even worse i just want to be ok but i don t know what that will take especially in a crisis,1,1,0.9391469546310054,0.9391469546310054,1,0.99988675,0.99988675,1,0.9933494,0.9933494
goosed sorry for procrastinating while you were gone,0,0,0.08189641870804386,0.9181035812919561,0,0.0005663216,0.9994337,0,0.01599651,0.9840035
damn stiff neck day,0,0,0.1384874083352273,0.8615125916647727,0,0.00059465057,0.9994053,0,0.01642568,0.98357433
fragilemuse the book is awesome there are some other great work in there too couldn t afford to buy it today tho,0,0,0.06359561307417201,0.936404386925828,0,0.0005031797,0.9994968,0,0.015002362,0.98499763
hopeok but i will be soon dy,0,0,0.13075247441074317,0.8692475255892569,0,0.0005516249,0.99944836,0,0.015769914,0.9842301
i sooo can not afford to get an iphone,0,0,0.07843491146216734,0.9215650885378327,0,0.00058331434,0.9994167,0,0.016255112,0.98374486
so why do i still feel so depressed i survived a horrible brain injury twice i did well in school and went to college and earned a degree i found love and got engaged i attended again and got a second degree i m working in the field i wanted to in the speciality that i love i have friend and family who love me i do the thing that i enjoy doing i feel hopeless i feel worn out i am bored with life at only i feel pessimistic i feel depressed doe anyone else feel like they ve done all the right thing followed all the right step and are still depressed i know this process take time but it s hard to feel motivated to continue trying when for almost eleven year nothing i m doing is helping,1,1,0.9419728118685946,0.9419728118685946,1,0.99990404,0.99990404,1,0.9939266,0.9939266
beththepq your blog won t let me comment again,0,0,0.14031144965670173,0.8596885503432983,0,0.00064598105,0.999354,0,0.017179713,0.9828203
just threw up all over the bathroom not fun,0,0,0.10596586817706562,0.8940341318229343,0,0.00074551377,0.99925447,0,0.018566042,0.981434
i don t understand i read it would be lethal to take this much at once but i feel perfectly fine i know i m just going to get a bunch of people telling me to go to a hospital but what s up with this shouldn t i be dead,1,1,0.807979467521619,0.807979467521619,1,0.9998429,0.9998429,1,0.9920443,0.9920443
recently went through a breakup so that s adding to this feeling but doe anyone else feel like they are simply just living day to day for the sake of it without direction yes i have goal etc but in the past when i ve reached goal nothing ha made me feel different anyone else feel aimless all the time i also used to be able to see where i wanted to be in or year now i can t even imagine what life will be like in to month can anyone relate,1,1,0.9839941782012421,0.9839941782012421,1,0.9999002,0.9999002,1,0.9937966,0.9937966
doing my tax not in the best mood because of this,0,0,0.1267160685810254,0.8732839314189746,0,0.0019032211,0.99809676,0,0.030750526,0.9692495
i had such a nice day too bad the rain come in tomorrow at am,0,0,0.09445406345945895,0.905545936540541,0,0.00053465646,0.99946535,0,0.015504784,0.9844952
wellreadkitty oh poor thing i used ot love squeezing out the pu when i wa a vet nurse kinda gross really,0,0,0.14906847360712427,0.8509315263928757,0,0.0004925726,0.9995074,0,0.014829781,0.98517025
alone king kch din baad ye bhi chale jayenge depression main lmao,1,1,0.7527415149554428,0.7527415149554428,1,0.9998672,0.9998672,1,0.99274445,0.99274445
have watched that considering today yaknow shawnna tomomorrow i need my bestfriend,0,0,0.08726156871906737,0.9127384312809326,0,0.0004787493,0.99952126,0,0.014602257,0.98539776
thats messed up,0,0,0.10584236298525754,0.8941576370147425,0,0.005161239,0.9948388,0,0.05219776,0.94780225
watching quot house quot,0,0,0.026334500076831996,0.973665499923168,0,0.0007020971,0.9992979,0,0.01797269,0.9820273
the idea that we are not allowed to feel sad depressed grieve over something just because other people have it worse than u is so toxic it invalidates our own feeling and make sadness depression grief a privilege for a selected few,1,1,0.9607632382962699,0.9607632382962699,1,0.99989927,0.99989927,1,0.9937623,0.9937623
moving moving moving keep those box moving rawhide think i ve gone delirious from moving,0,0,0.1569038312275078,0.8430961687724922,0,0.00078977307,0.99921024,0,0.01915449,0.9808455
wish p kid wasn t so sick and in hospital tonight,0,0,0.06665017507669242,0.9333498249233075,0,0.00045458408,0.9995454,0,0.01419705,0.98580295
yaykimo it s sad it s the last season i wan na see when spencer call lauren,0,0,0.0922365793318987,0.9077634206681013,0,0.00045286395,0.9995471,0,0.014167838,0.98583215
where s my heat and grazia subscription he s probably delivered them next door,0,0,0.13185199811960643,0.8681480018803935,0,0.0006731491,0.9993268,0,0.017567482,0.98243254
kara yoursojt depends when you re going though dont want to be hanging around town for age ooo aisha tune doreta beach would rock x,0,0,0.22796491860361334,0.7720350813963867,0,0.00047512774,0.9995249,0,0.014542146,0.98545784
jedi yup the whole game wa amazing technically it looked great gutted i sold the game and my original xbox now actually,0,0,0.17385449733303404,0.826145502666966,0,0.00056830014,0.9994317,0,0.0160268,0.9839732
mizzzidc if you were my sister after doing this depression will be the least of your worry co i ll beat you to coma and the pay the hospital bill and new nike shoe by your bed side,1,1,0.7769556701065857,0.7769556701065857,1,0.99988437,0.99988437,1,0.99327385,0.99327385
i am a work martyr give me chocolate coffee and sympathy and now my cat s decided she s dying,0,0,0.15788533449524952,0.8421146655047504,0,0.00089728716,0.9991027,0,0.020522607,0.9794774
searching for a job in berlin in summer time don t speak german,0,0,0.20820809800359505,0.7917919019964049,0,0.000539537,0.99946046,0,0.015581438,0.9844186
nick carter i will wait for you at fanclub chat even tough you re not my favorite,0,0,0.1582664753236338,0.8417335246763662,0,0.0005715847,0.9994284,0,0.01607699,0.983923
kevchoice i just don t get it what in a person mind could even have them on some ish like this my prayer are with her fam for real,0,1,0.5843240874467273,0.5843240874467273,0,0.0010791081,0.9989209,0,0.022671327,0.97732866
my condolence to natasha richardson s family,0,0,0.3568713308975726,0.6431286691024274,0,0.002295354,0.9977046,0,0.033987902,0.9660121
vinpocetine for depression symptom amp mood disorder relief http t co zapfkyxdg9 http t co hqhozyg u,1,1,0.9566646990595163,0.9566646990595163,1,0.99988365,0.99988365,1,0.9932516,0.9932516
hang on doe anyone use fax machine any more,0,0,0.3408339089463361,0.6591660910536639,0,0.0008711378,0.9991289,0,0.02019728,0.9798027
ill make fresh start i promise xtra sad puppy face,0,0,0.1311737841415367,0.8688262158584633,0,0.00047108208,0.99952894,0,0.014474745,0.98552525
cardinaire ya me too,0,0,0.13892872474683013,0.8610712752531698,0,0.00069761777,0.9993024,0,0.017910501,0.9820895
mm twitter appears to have eaten some of my post naughty twitter,0,0,0.04648535556340199,0.9535146444365981,0,0.00071021164,0.9992898,0,0.018084863,0.9819151
i m not sure if this is the right subreddit to put this in but this ha been ruining my self esteem for a while i m a senior in highschool and i m super hyper aware of my presence and reputation i try not to stand out too much but at the same time i m not some random face in the background i do all of this because i despise the word weird i hate being called weird or anything like it it make me feel like absolute garbage and want to erase my existence from the earth this is most likely since i wa bullied pretty decently in middle school so all through highschool i wa dedicated to being seen a normal or at least not on the bottom rank if that make any sense if i ever do anything that seems out of place or too extroverted i really almost cry since whenever i bring attention to myself it end up feeling super cringey and on the spot it s like i can t escape it like wherever i go and and whoever i meet they re all going to think that i m weird,1,1,0.9258995965591401,0.9258995965591401,1,0.9999037,0.9999037,1,0.993916,0.993916
i hate this shit that is called life and myself a well i seriously just wan na be normal and mentally stable i turn in month i suffer from bipolar adhd and severe social anxiety lol and i live in a country that do not give two fuck about mental health not even my family know about this they just think am weird i always find it extremely hard to be social or have a solid jobe interview without sweating or going completely red lol i also have some leftover acne scar so that made it alot worst have one friend that i feel a connection with and i love that i mean hopefully thing will get better am in my last year of college or i will get the courage to and my miserable life,1,1,0.9804797948690092,0.9804797948690092,1,0.99990463,0.99990463,1,0.99394894,0.99394894
aww man yet another party last night i miss new jersey so anyone up to anything today,0,0,0.08310728578051892,0.916892714219481,0,0.0004823658,0.9995176,0,0.014662069,0.9853379
i ve been waking up and going through the same day repeatedly for a long time i wanted to get better but i wanted this particular person to be by my side while i did it i ve made a plan and set a date i know in my heart it s the right choice i just hope he doesn t blame himself when it happens it wasn t him that make me want to follow through i m just done hurting everyone that come in to my i m done being ashamed of the person i ve become and i m done looking like i don t care i felt every emotion so keenly that it forced me to realize that those very same emotion made me react in a way that i wasn t proud of my reality is shifting and these shadow are the only thing that is my company nothing is ever going to change for me even if i go to therapy even if i get med sooner or later it always return i m done being a prisoner of my own mind idek why i m posting this maybe hoping the right person will see me and talk me out of it it s not that i lack love it s actually the opposite i have so many mental health issue that i m such a burden on my family now my addiction ha returned i m just so done with living like this it s a little ironic my selfishness is the cause of all this selfish to the end i m sorry s i hope you don t blame yourself and if by chance you see this i want you to know i think this is always how it would have ended,1,1,0.9847834696091341,0.9847834696091341,1,0.99990416,0.99990416,1,0.9939319,0.9939319
life the rest are society pressure and those are partially playing a big role in causing depression hence the losing life of many men those thing actually depress,1,1,0.8341755436044759,0.8341755436044759,1,0.99988306,0.99988306,1,0.99323285,0.99323285
there is very little that people will not excuse a long a you mention depression a a primary motivator the depression free pas is extensive,1,1,0.9823865878619067,0.9823865878619067,1,0.99986327,0.99986327,1,0.9926266,0.9926266
we live in a world full of hate greed corruption war and much more a corrupt school system and mental health system you have to be normal or else you re fucked nobody care you re born without your consent and then forced to provide for society and fit into society it s all an endless cycle,1,1,0.5296003818926353,0.5296003818926353,1,0.9998938,0.9998938,1,0.9935808,0.9935808
oishiieats,0,0,0.10909243327686623,0.8909075667231338,0,0.01836161,0.9816384,0,0.1004294,0.8995706
aliceverheij on m xp im afriad laptop is about yr old and think it just a bit messed up,0,0,0.1634908679622355,0.8365091320377644,0,0.0005304729,0.9994695,0,0.0154388165,0.9845612
i dont want to go to school tomorrow for an exam after having one and a half week off,0,0,0.2305331508730945,0.7694668491269054,0,0.0012431531,0.9987568,0,0.024467109,0.9755329
ughhhhhhhhhh twitter is bing sooooo retarded,0,0,0.05919129935928724,0.9408087006407128,0,0.00077420013,0.9992258,0,0.01894925,0.9810507
i m laying in bed facing the wall and trying to relax but i m hearing so many thing plus the air conditioning sound is so louad,0,0,0.24868226365929133,0.7513177363407086,0,0.009090083,0.99090993,0,0.070106916,0.9298931
got to do spanish revision today,0,0,0.047426974643286414,0.9525730253567136,0,0.00068807177,0.9993119,0,0.017777361,0.9822226
i have been suffering from what i can only imagine is some kind of fairly severe depression for almost year now i m sorry if this post is hard to read i m new to redit and have been reading post in this sub and it just made me feel moved to share my story to start off my depression started almost year ago i wa in a wonderful relationship with this beautiful girl i had met in highschool and i had moved away to college but i still came home every weekend to see her everything wa going great and then over the course of a few week or month i don t even remember how it really started i just began to get more and more depressed at first i didn t think anything of it i m the middle child of other boy we grew up with a very abusive father until i wa when my mom took u and left and i just always through depression wa something only weak people got and i never fully understood it although now i know that my real father struggled while mental illness and sever depression anyway back to my story every in my life wa going great i had made new friend in college and my relationship wa going great i just could feel myself becoming more and more closed off and lonely even though i wa surrounded by amazing friend and family i began to fight with my girlfriend because she could tell i wa being distant we started to fight more and more the the distance only made it worse when i finally did open up to her all she knew to do wa tell her mother with made me miserable i hated that fact that i thought someone saw me a weak and i started to dread seeing her and her family a couple month into my depression and my girlfriend ha become the only person who truly know how i feel and is the only person i ever confide in then one day a close friend of my girlfriend commented suicide this absolutely destroyed her she became extremely depressed and started to have suicidal thought i then pushed all my problem aside and did my best to help her through her issue i took her to counseling and did everything i could to help her but she slowly got better and wa never the same and now with u both being depressed our relationship became miserable neither one of u were happy and we thought that if we split up maybe we would be able to find some joy in our life again so we broke up in made and these last 0 month have been the worst of my life she wa my best friend and the only person in the world i have ever loved it s gotten easier these past few month but i have lost all joy in my life everything i used to love i have no passion for anymore i m still in college but i don t every compete any off my work i never go to class i hardly ever sleep ill go or night sleeping maybe hour a night then ill just sleep hour straight i find no meaning in life anymore i just feel this giant empty hole in my chest that i can t feel my grandmother died last month we were extremely close and i never even shed a tear the rest of my family wa balling and i wa just sitting there with no emotion i m never happy i m not even sad i just feel absolutely nothing almost every other night i put my pistol to my head just hoping it ll go off because i m not man enough to actually pull the trigger i ve tried to move on and tried to get better i just don t know what to do and i have no one to tell i transferred college so i lost all the friend i had and i m too embarrassed to tell me family i ve read every self help book i can find and nothing doe it for me i just keep praying that one day soon god will take me off this earth because i don t know how to keep living like this i m sorry if this is too long and i know i jump around a lot and everything may not make sense i just wanted to get this off my chest and i m thankful there is a place for me to,1,1,0.999858999939513,0.999858999939513,1,0.9999052,0.9999052,1,0.99396646,0.99396646
i have no will to live anymore but i cant kill myself because i dont want to hurt my mom or anyone else who care about me i fucked up my school career and have no motivation on anything in life and im only year old sorry for my bad english lol,1,1,0.9064374283139596,0.9064374283139596,1,0.9998838,0.9998838,1,0.9932561,0.9932561
well so much for being productive on my day off from angel,0,0,0.12672053616532236,0.8732794638346777,0,0.00054876605,0.9994512,0,0.015725518,0.9842745
i feel so alone all of the time i have a job where i get along great with coworkers however i have no genuine friend no one to hang out with i just spend time alone after awhile anxiety creep in i feel like i m trapped in a box and can t get out i tend to struggle a lot with moving forward in life and part of it is i feel i have no one by my side alone in the world,1,1,0.9171264376304292,0.9171264376304292,1,0.99990165,0.99990165,1,0.99384636,0.99384636
the world ha been nothing short of a flaming corpse trash fire in these past few week there s no doubt about that but recently i can feel it around others when i m out in public no i don t have superpower lol i m just saying that i ve been getting this kind of collective i m so done with this shit vibe when i m out in public i don t know how else to explain it but everyone seems so exhausted and fed up it s like a butterfly effect since a lot of people have the same vibe right now i guess despite a lot of u being on the other side of the world it s certainly hard not to feel just how crazy these past few week have been it s like the pandemic already fucked people up for two year but now 0 just want to kick u while we re down with the current war it s neverending it s been hard for me a well i ve kind of been burying my head in the sand and focusing heavily on work and video game because holy shit is this world completely fucked up not to mention there s nothing i can really do about the situation and dwelling on it and obsessing over it isn t going to change the outcome even my friend on social medium have been talking a lot about how they ve been strangely depressed lately this situation is affecting everyone but with that said i really hope everyone pull through the rest of this month i m no military specialist so i m not even going to try and act like i know when all this will end but i hope the worst is over and that the war end soon there s a common saying thing will get worse before they get better i really hope that doesn t apply to the current situation the world need a break wishing everyone the best this week and stay encouraged,1,1,0.9765193451572637,0.9765193451572637,1,0.9999037,0.9999037,1,0.9939156,0.9939156
pem pem quite frequent and sometimes much more intense than mine but it look that the only important thing for me is to alleviate my depression symptom whatever the consequence,1,1,0.7834777882180832,0.7834777882180832,1,0.99987423,0.99987423,1,0.99295855,0.99295855
i need new glass mine is hangnon arm,0,0,0.08509657681433418,0.9149034231856659,0,0.0007528699,0.99924713,0,0.018664964,0.98133504
i haven t thought about killing myself since 0 yet here we are today year later getting closer to 0 and i m in the bathroom of my workplace and the only thing i can think of is slicing my wrist when i get home i haven t slept in 0 hour and i m seriously considering drinking my pain away maybe i ll puke in my sleep and get done with it i don t care if anyone will cry for me probably will but i m in pain so much pain guy,1,1,0.6594489008858965,0.6594489008858965,1,0.9999,0.9999,1,0.99378633,0.99378633
tommcfly good morning tom why can t i send you a message this is too short for the question i have well to bad for me i guess,0,0,0.1376949018334947,0.8623050981665052,0,0.00049915834,0.9995009,0,0.0149371335,0.98506284
we are doing free personalised moon reading comment me if you re interested,1,0,0.1913812727935011,0.8086187272064989,0,0.0013999229,0.99860007,0,0.026080875,0.97391915
please help me i don t want to kill myself but the world ha nothing to offer me nothing that s making me want to keep going i m terrified of death but i don t know if that s reason enough to keep going if i m going to die anyway maybe i should speed up the process already save the world the trouble because the world clearly doesn t want me i m not even a real girl i m ugly and i m not good enough at anything everybody else is so much better than me people would rather be with each other instead of me i m so forgettable but i don t want to be death is permanent isolation permanent darkness permanent loneliness and that s not what i want but i don t think me being alive is what the world want i feel like i m always the last person anybody would ever want to see at any given moment i don t want it to be that way but everybody else doe i ve tried so hard to find reason to keep going they never work they never last people leave me behind everything stop being fun people stop playing with me i m excluded from everything i m not good enough to make it in this world everything about me is wrong nothing i do is good enough i want to keep going but i have no reason to do so nobody is waiting for me nobody is coming to rescue me i have nothing why should i keep going if i m going to die anyways i m begging you for an answer because i have none,1,1,0.9760668123097637,0.9760668123097637,1,0.9999031,0.9999031,1,0.99389523,0.99389523
smile like you mean it wow this song brings back memory still can t sleep,0,0,0.11804255100595513,0.8819574489940448,0,0.0004882353,0.9995118,0,0.014758717,0.9852413
codaqueen oh wait he doe have in oakland on the th can t understand why he only ha amp in oakland,0,0,0.15587994143359962,0.8441200585664004,0,0.0004859989,0.999514,0,0.014721958,0.98527807
larrissar please don t leave stay for grant s bday,0,0,0.35502625722863607,0.644973742771364,0,0.0005261111,0.99947387,0,0.0153697785,0.9846302
for past month i had this weird head rushing tension feeling when falling asleep even when i sit and i am bored i can feel it it s like my head would be scrambled between wall and my brain wa wired to something idk,1,1,0.8219498546864158,0.8219498546864158,1,0.99985826,0.99985826,1,0.99248016,0.99248016
in genting now but i now at gohtong jaya using com,0,0,0.034941779992507624,0.9650582200074924,0,0.0005881781,0.9994118,0,0.016328484,0.98367155
this ha ruined my life the only thing keeping me from killing myself is my baby boy his mother manipulates me she s emotionally abusive and i don t know how to stand up to her i can t i m so afraid she ll take him away from me i can t keep doing this and i can t kill myself but i think i will i think he ll be better off without me i m a mess my finance are a mess my emotion i can barely take care of my own thing i m in so much turmoil i constantly fantasize about offing myself and every few day i sit there with a gun to my head and i just can t do it i think of my boy and then the pain is worse fyi we were engaged and shit fell apart for good last year october we still live together because we have a lease on a house and housing right now is a bitch nothing available so i m trapped here,1,1,0.9111078607281736,0.9111078607281736,1,0.9999025,0.9999025,1,0.99387425,0.99387425
joshsharp no money yet i dont know anyone who ha maybe it all just a lie he having u on so we all like him a little bit more lol,0,1,0.5295208542659855,0.5295208542659855,0,0.00066718477,0.9993328,0,0.017482981,0.982517
masha allah i been dey wait make someone tweet this icing taste like sweetened depression of a person with dissociative amnesia,1,1,0.8841120467098318,0.8841120467098318,1,0.99986696,0.99986696,1,0.99273854,0.99273854
downy weather where s the summer,0,0,0.06480008097544954,0.9351999190245505,0,0.0006011755,0.9993988,0,0.016523171,0.9834768
bored and lonely,0,0,0.0775653886122622,0.9224346113877377,0,0.0039804946,0.9960195,0,0.045525134,0.95447487
my girl tjlefebvre is missing anyone seen her this evening,0,0,0.1205418872716309,0.8794581127283692,0,0.0004846603,0.99951535,0,0.014699916,0.98530006
being an adult fuckin suck lol i m just gon na say that i m and i ve been on and off homeless since i wa me and my family don t talk at all and i m ina point in my life we re i have my own home a full time job and i m doin better but sometimes it feel like i m all alone and that i should be happy in the situation i m in now i have no reason to feel depressed i think at least my fianc said she notice my change since i started working day a week 0 hour a week idk i guess i m just rambling it s just sometimes i wish i had my mom again or my sister or someone to tell me hey man i love you it s all gon na work out and give me a hug ya know life is stressful trying to be successful and independent since ha made me mature and grow in different aspect don t get me wrong but i want my family s love back i wan na feel included and not alone ya know and i m sorry if this post is irrelevant i m super anxious right now and don t know how to contain myself,1,1,0.9724392738597923,0.9724392738597923,1,0.9999058,0.9999058,1,0.99398744,0.99398744
missed today s ellen,0,0,0.024329322252860525,0.9756706777471394,0,0.00058807887,0.99941194,0,0.016326983,0.98367304
augh eff sarth i stole some of mil s nail polish it pretty o,0,0,0.15957507781165253,0.8404249221883475,0,0.0005077689,0.9994922,0,0.015076508,0.9849235
scarletjac but not good for me close to my current challenge,0,0,0.19578288209646585,0.8042171179035341,0,0.00054195424,0.9994581,0,0.01561929,0.9843807
sometimes i start to plan it by leaving one day and never being found that hopefully i would prepare well enough that no one would ever find me i think that would be better than my family knowing my death wa intentional and planned but i still know they would grieve amp x 00b i m somewhat of an antinatalist and i refuse to ever bring child into this world it just a personal choice i don t judge parent because if i am so miserable why would i create more life maybe if thing looked up and i gained some self esteem again i could have a job i love and more importantly a wife although i don t know how many woman really want to be in a childless marriage i ve never even gone on a date before and i m a m so i worry i ll just be alone for my entire life i feel like a real loser for this i just see life in a very bleak way and i don t see my future a one that is bright and cheerful especially since i don t really believe i deserve good thing i have intrusive thought ocd which is a little voice that throw horrible word and image at me all day and telling me i m a irredeemable human being and a terrible person it exhausting and i feel trapped,1,1,0.9892060365063943,0.9892060365063943,1,0.99990594,0.99990594,1,0.99399215,0.99399215
i had struggled with this decision for month and finally i did it today i think i had been thinking a lot about how to say it and what my bos would say and i didn t even think about how i would feel after doing it maybe bc deep down i kinda knew i wa postponing it for a long time kinda surprised myself today when i did it the thing is i m just really weirded out bc i know it s the best for me and my bos even said so that there s in fact no room for growth there but i think my discomfort come from a deep attachment to this routine i ve had for almost year even if it wasn t the best and not knowing what s gon na happen with my job life from now on bc i don t have a new one yet amp x 00b anyway don t wan na let my anxiety win and revolve around this weird feeling bc i think i should be proud of myself for taking the matter into my own hand for once and for all amp x 00b if you read this hi and ty,1,1,0.9587965426190389,0.9587965426190389,1,0.9999056,0.9999056,1,0.9939812,0.9939812
stark you don t follow me either and i work for you,0,0,0.08182308119427772,0.9181769188057223,0,0.0011045944,0.9988954,0,0.0229584,0.9770416
derek 9 shwe 0 sweet that wa fun except it stretched my browser and i wa watching twit,0,0,0.1315541488637623,0.8684458511362377,0,0.0004683832,0.9995316,0,0.014429626,0.9855704
kimberley lol awww i want a cuddle now you almost made my eye leak love you too lt,0,0,0.14944885108739672,0.8505511489126033,0,0.00053453416,0.99946547,0,0.015502854,0.98449713
is missing n ol frend amp is thinking bout her rite now,0,0,0.0936206160673213,0.9063793839326787,0,0.000481156,0.9995189,0,0.0146420775,0.98535794
desi people will not believe in depression but still say dil kharab ho rha hai,1,1,0.8582507815463448,0.8582507815463448,1,0.99983966,0.99983966,1,0.9919561,0.9919561
im fucking drunk at 9am even if im fucking with my life still ahead of me i don t wan na do this anymore i dont even have a house anymore i have nobodt y fck i cant even type noboidy i just want to end thing but im too scared to even kill myself hpw do i do it without failing i often imagine others doing it for me can someone help me do it where can i go to do it i think it will irresponsib e for me to just jump into traffic a i don t want others to suffer i just want to go quietly are there any service like that why is it so hard to log out of this life anybody wan na kill me no string attached we are the breath,1,1,0.9696570661836303,0.9696570661836303,1,0.99990237,0.99990237,1,0.9938689,0.9938689
just had myself a driving lesson went pretty well need to stop crossing my hand over on the wheel apparently though bad time,0,0,0.2559202122779917,0.7440797877220082,0,0.0026789939,0.997321,0,0.036905225,0.9630948
beautiful but someone in your gender say she s going into depression because her mom wore her nike shoe without informing her,1,1,0.7988008978944154,0.7988008978944154,1,0.9998447,0.9998447,1,0.99209565,0.99209565
nicolerichie i cried so hard when matthew died,0,0,0.15774139545328278,0.8422586045467172,0,0.00055264385,0.99944735,0,0.015785716,0.9842143
is upset that he can t update his facebook by texting it and might cry a a result school today also blah,0,0,0.12613652354713403,0.873863476452866,0,0.00060361443,0.9993964,0,0.01655949,0.9834405
missoliviaa nooo brat to the west coast hahaa quite making me sad,0,0,0.08408513967979803,0.915914860320202,0,0.0004959362,0.9995041,0,0.014884688,0.9851153
ianhanlon me and scobz goal is to get a celeb to respond to one of our tweet before we go to sleep i may not get any sleep,0,0,0.0796977283740789,0.920302271625921,0,0.00059900637,0.999401,0,0.016490813,0.9835092
you can be rich asf and still suffer from depression,1,1,0.888015343372875,0.888015343372875,1,0.9998522,0.9998522,1,0.9923058,0.9923058
wishing we had fast internet now not in year http bit ly i oi,0,0,0.1286761051315302,0.8713238948684698,0,0.0005181832,0.9994818,0,0.01524361,0.9847564
hi i m f i wouldn t say i have an ed but i do have anxiety over food and weight i ve been told i m slim and it want it to stay that way however my parent don t seem to fully get that my dad like to make all my meal which upset me bc his food isn t the healthiest like today he made me a sandwich w a lot of mayonnaise which got me into a rage filled episode where i punched my leg multiple time and couldn t stop cry tho i did they in the bathroom by myself then afterwards he made me ice cream and that scared me even more so i aggressively worked out and punched my leg i get so anxious that i ll get bigger and so all i can think abt is food i ve tried to talk to my dad but he doesn t appreciate it he enjoys making me food my anxiety is getting so bad,1,1,0.9026918310445813,0.9026918310445813,1,0.9999025,0.9999025,1,0.9938725,0.9938725
i think i m getting sick,0,0,0.12513910597116798,0.874860894028832,0,0.00093706325,0.99906296,0,0.021009026,0.978991
and then i realize normal is horrible and mean working a job i hate to barely afford gas to work and killing brain cell with drug to put up with it,1,0,0.32548957455304256,0.6745104254469574,1,0.9994442,0.9994442,1,0.9841658,0.9841658
hi first post here so sorry if i m doing anything wrong recently i ve been suffering from very intense anxiety and panic attack nearly every night they re usually triggered around midnight and last through to around 9am normally preventing me from getting any sleep at all during the night my bedroom also seems to be one major trigger a i m able to calm myself down sometimes but a soon a i re enter my bedroom the panic flare up all over again and it s like i m in full fight or flight mode during the daytime the panic is almost nonexistent i think the most difficult part is that it generally happens during hour when nobody is around to give me comfort so strong feeling of isolation and hopelessness often accompany that brings me to my question for anyone who ha experienced nightly anxiety what ha brought you comfort during a time when you re unable to reach out to others i would love to hear about your experience and the thing that have helped bring you comfort in a time of isolation thanks,1,1,0.9311871730564225,0.9311871730564225,1,0.9999057,0.9999057,1,0.9939855,0.9939855
joannafbeckett i don t think there s one close by last time i checked the closest one wa 0 mile away,0,0,0.4134322331235632,0.5865677668764369,0,0.0005607792,0.99943924,0,0.01591138,0.9840886
i m missing my best friend i miss our fun time together i love you guy and i miss you so much,0,0,0.08977230089088738,0.9102276991091126,0,0.03146119,0.9685388,0,0.13143352,0.8685665
i really need a place to vent right now so i kinda moved out for university i wa here for october and november then my school closed due to corona so i wa at home and school started one week ago i still have the opportunity to go home every weekend it a little pricey but still affordable for me so i am home every weekend and during the week i have my own apartment that i really really like but my mental health is so bad here i really dont understand why because im really not far away from my home town i have friend here and a really cute apartment and im so grateful that i can study and live here but i feel so fucking bad my anxiety is so bad i really cant do anything but worry all the time and i dont even know why i am worring it make it really hard for me to eat because i have a lot of problem with eating when im really anxious which make me just more anxious also i feel kinda bad because i am nineteen and so many people in my age can handle living alone so well i know that i shouldnt compare myself with others but i do i cant imagine living b my own at any age but i know that someday i have to and that i cant live with my mom forever idk if someone feel the same but i still feel like a kid most of the time im not ready for being an adult i really cant explain it to myself because i wa a really independent child and it wa always important for me being independent i never had problem with not being home for week but now i cant even be alone for day i know that in this community there are people who are a little older than me and have a little more experience did somebody felt the same way a i do now with moving out and doe it get better,1,1,0.9828586006143223,0.9828586006143223,1,0.99990547,0.99990547,1,0.9939744,0.9939744
pixie anna scroll back a few hour you missed a whole lotta jon,0,0,0.09235791124215975,0.9076420887578402,0,0.00047866124,0.9995213,0,0.014600797,0.9853992
congested nose,0,0,0.1039546692746273,0.8960453307253727,0,0.0012675244,0.99873245,0,0.02472407,0.97527593
ha the biggest headache but a second job woo,0,0,0.24327525726766783,0.7567247427323321,0,0.00047709764,0.9995229,0,0.014574865,0.9854251
so i ve been working really hard this last year on overcoming mdd agoraphobia and social issue over the last year i ve gone from making it out of the house for hour a month long enough to go to the doctor and grocery shopping to managing 0 hour a week i m still working up to doing thing on successive day it usually take a day or so to recover otherwise thing start getting rough but it s significantly better than before not advocating this approach it s what worked for me and may not work for others i had a lot of sensitivity to what wa being prescribed and it wa causing more harm than good talk with a professional before doing anything medication related part of what seemed to help wa getting away from medication over year we tried or so different thing and it just didn t work well now the hardest thing i do is caffeine and multivitamin there is a noticable difference in energy level and depression if i go more than a few day without vitamin so if you aren t taking any you may want to look into them i had been pushing thing the last couple month and wa starting to have burnout issue it wa hard not to a i felt like i wa starting to break through thing i m working at a different approach now just going until i start to feel uncomfortable and stopping if it s feasible rather than pushing until i have a full panic episode i m not getting a much done every day but so far i m starting each day more consistently it a little difficult stopping when i feel like i can keep going but i m hopeful that the better consistency will be more productive in the long term a bad a thing were a couple year ago to where they are now give me hope for others too i wa going to bed praying for death and cursing every morning i woke up i have hope and have truly started to love myself if you re going through a hard time thing can get better love you all take care and be well,1,1,0.97683924574061,0.97683924574061,1,0.9999069,0.9999069,1,0.9940248,0.9940248
i fell tired i want to sleep but im almost done with some work and i need to go to the bathroom,0,0,0.24800819218911688,0.7519918078108832,0,0.0015621396,0.9984379,0,0.027662542,0.9723375
when i wa a teen i would burn myself with match because it made me feel better it ha been many year since i have burned myself today i got swarmed by yellowjackets and stung several time and instantly felt better i m not sure if it s the adrenaline or something else or if i m imagining it thought,1,1,0.7200005771630554,0.7200005771630554,1,0.99988484,0.99988484,1,0.9932881,0.9932881
mizzzidc you just dragged your mum in the mud over a sneaker and you talk about depression y all know how to throw this word around carelessly don t you making those who are really depressed look like fool when y all are the real fool,1,1,0.8656220468390243,0.8656220468390243,1,0.99988246,0.99988246,1,0.9932116,0.9932116
why cant it just fucking stop the pain is just too much sometimes all i wan na say is im sorry to the people i really care about i feel like a bad person who need to change and get better but i dont wan na do it for me i wan na do it for them im sorry i dont know whats wrong with me i really dont and it genuinely scare me maybe i should get help this is a wake up call ig fuck,1,1,0.881212775896385,0.881212775896385,1,0.99989235,0.99989235,1,0.99353194,0.99353194
m and i did what i wanted to in life grew up poor got an education make ton of money hit the top of ladder in a respect profession and i m not happy i m not rich but money isn t a a big a concern a it used to be i have a job i like sometimes but the reality of it are physically and mentally destroying i have good friend and am finding myself making more a i go but i m miserable completely miserable i wa told that you become successful you work hard and have good moral invest in your friend develop hobby and fulfillment and happiness come a a by product but when in the actual fuck doe this fullfillent and happiness come,1,1,0.7721826653022766,0.7721826653022766,1,0.999905,0.999905,1,0.99395776,0.99395776
i had a extravagant yet time conserving plan lined up for today which ive now forgotten,0,0,0.16318796640035993,0.8368120335996401,0,0.001236425,0.99876356,0,0.024395747,0.97560424
birutagme yeah it wa really depressing stuff like that get to me,0,0,0.3296308268845626,0.6703691731154374,0,0.0005478052,0.9994522,0,0.015710581,0.9842894
got up an hou ago now lerning again really boring stuff,0,0,0.2366818210715063,0.7633181789284937,0,0.0004864747,0.9995135,0,0.014729776,0.9852702
been noticing i ve been doing a lot of pacing back and forth lately been trying to think of way to make extra cash and such after being let go from my job now i m starting to think what if i have adhd or is it just anxiety do you guy pace back and forth sometimes when thinking,1,1,0.6590504593649205,0.6590504593649205,1,0.9998977,0.9998977,1,0.9937104,0.9937104
i ve just had enough of everything i don t know what to do anymore or who to talk to i tried to end my life twice through overdose and that didn t work i have episode where i just don t want to be here anymore i get agitated and it doesn t matter what anyone say or doe it doesn t make it any better i fear that i will have an episode of contemplating suicide and i ll just jump off a bridge it s like my mind take over and i don t think of anyone else my last resort is sectioning and i know what it s like i live in uk but i feel like that would be the safest environment for me where i can focus on getting better without having that constant worry of ending my life can anyone provide any advice at all i would appreciate it i just feel like my life is so pointless growing up with a disability being bullied always feeling different to everyone else childhood trauma and now having a constant battle everyday with my mental health i try to get on with life but i always feel like it would be better if i wasn t here,1,1,0.9983711423252298,0.9983711423252298,1,0.99990344,0.99990344,1,0.9939044,0.9939044
hi everyone my life s pretty difficult now i hate it i feel like i can t do nothing about it i ve been unemployed for about month i quit my job because it wa a hell hole literally a hell hole they treated me like shit it wa toxic i got physically and mentally sick but i kept pushing until the point were i physically couldn t get up in the morning so i quit i ve been battling health issue and depression ever since i quit my family and friend are shaming me and trying to force me to look for a job i m just not sure if i m ready i m too scared i think i wa traumatized from my past job i m just too scared to find a job and get hurt again like i said i ve still in physical pain and it s really hard to look for a job while you re hurting i ve been seeing a psychiatrist for the past month i ve gotten better but i m still too scared to look for a job any advice,1,1,0.9792071766045567,0.9792071766045567,1,0.9999052,0.9999052,1,0.99396765,0.99396765
i want to commit suicide a soon a possible but i cant fin a method thats good for me either the method seem too painful or i dont have enough tool for them i wa considering overdosing on paracetamol but it take too long i dont know what to do i would like some method or advice,1,1,0.5814507966763288,0.5814507966763288,1,0.99990106,0.99990106,1,0.9938253,0.9938253
boydifference you choose the type you want to listen to brymo ha different type of song that go with different mood in which you are there are many brymo song that lift your spirit give you hope and brings you out of depression totally brymo is a versatile singer bro,1,1,0.5894176378552879,0.5894176378552879,1,0.9999002,0.9999002,1,0.9937935,0.9937935
hi all going through a break up and the anxiety is so overwhelming right now to the point where i can t even think about food without getting nauseous i know i can t sustain myself this way but i just don t feel like i can get any food down i wa thinking i might just get some high cal protein shake or something ha anyone found a better solution to getting food in thanks,1,1,0.93675802550681,0.93675802550681,1,0.9998981,0.9998981,1,0.99372137,0.99372137
soluna is slower than accord,0,0,0.10909243327686623,0.8909075667231338,0,0.0020687091,0.9979313,0,0.032152586,0.9678474
nobody will probably see this anyways nobody saw my last one i just wanted to vent my current thought so i can at least alleviate some form of pain that s going on internally at the moment ever since my ex left i ve had nobody to talk to i have no bond with anyone no friend or anything all i fricken do now is lay in bed all day go to work when it s time come back and go to sleep i don t live anymore then again what is living anyways if you have nobody to experience it with i just live a lonely existence and i m fricken tired of it i either want to be dead or just drugged up on pill so i can at least feel something beyond this emptiness inside i hate my fucking retarded existence anyways i wasn t meant to be born and i ve felt nothing but pain growing up what do i even have to feel happy about that i make decent money so fucking what money only buy me temporary happiness it isn t eternal i want to feel what true happiness feel like i m sick and tired of this life and i want to just be different or gone completely,1,1,0.9589963772635656,0.9589963772635656,1,0.9999033,0.9999033,1,0.99390006,0.99390006
i m really cold i don t want to go to sleep yet but there s nothing to do,0,0,0.14027586859867372,0.8597241314013263,0,0.0013059158,0.99869406,0,0.02512416,0.97487587
god i feel so constantly out of place i feel like i m always being bothered and anxious i hate it i just want to be alone i would give anything if i could do online again i just feel so anxious and sad at school even with my own friend i just would give anything if i could be by myself i hate it so bad it s so cold and desolate,1,1,0.961057678021725,0.961057678021725,1,0.99989533,0.99989533,1,0.99362975,0.99362975
i try and try but i just can t do it,1,0,0.2257555136602578,0.7742444863397422,1,0.99298733,0.99298733,1,0.9387261,0.9387261
alessandrod dude hope you guy are alright except the home car,0,0,0.10457985373841233,0.8954201462615876,0,0.0005098325,0.99949014,0,0.015109746,0.9848903
is at beso in hollywood so tired,0,0,0.22768831358024122,0.7723116864197588,0,0.00048494962,0.99951506,0,0.014704676,0.9852953
jerotichseii marthakarua the same lot that ha caused oppression depression among the people poverty nepotism and capitalism have found formerly well thought but no longer betrayal is the new normal,1,1,0.8772349279092978,0.8772349279092978,1,0.9998925,0.9998925,1,0.99353665,0.99353665
mizzzidc unfortunately this ha a ripple effect on the victim s mental complex and will no doubt change their relationship with their parent condoning such toxic pattern in black household ha left child with a lot of resentment and even worse depression,1,1,0.88962620478455,0.88962620478455,1,0.99990046,0.99990046,1,0.99380267,0.99380267
i can t make friend because i m boring i can t socialize without offending someone unintentionally i have so many toxic way and view i m better off dead and not worrying about trying to fit in or be like by anyone anymore the more i try to get out and understand people the worse i feel it s been worse since hitting my 0 s,1,1,0.913521299936738,0.913521299936738,1,0.999894,0.999894,1,0.99358785,0.99358785
vamsi share kanisam ee cinemaki ayina maa depression gang arustaremo chudaali movie experience chedadobtaaru,1,1,0.9320008842990714,0.9320008842990714,1,0.9998853,0.9998853,1,0.99330336,0.99330336
every single day i just wake up miserable and an insane urgency to immediately end myself everything is just empty now nothing really get me excited and i don t even have anyone to talk to cuz most of my friend are just not that close my family is much worse a nobody ever care about each other i have a father but i don t have any father figure cuz he wa and is never there for me ever i can t even share anything to anyone cuz everyone just tell me that it s normal for people my age to experience the thing i am going through i just absolutely hate my life and everything i literally have no will to live i even sometimes subtly and unintentionally put myself at dangerous situation to like somehow get myself killed even though everyone just say it s normal to experience these at my age i don t see anyone my age talk or even behave the way i do i also hate the fact that i am self aware of every way i am behaving but still can t seem to help myself fix those thing i really really really hope everyone is living better life than me,1,1,0.9959227413144063,0.9959227413144063,1,0.9999013,0.9999013,1,0.9938306,0.9938306
f i am just so tired i hate my life i know there s a beautiful side to life but oh my god i don t even wan na see it if the thing i ve been through are always going to be in the back of my head i don t feel guilty about leaving my friend or family anymore i just feel ready what i m worried about is failing,1,1,0.9495619391799959,0.9495619391799959,1,0.99988663,0.99988663,1,0.99334586,0.99334586
i need friend i am so sad and lonely please help,1,0,0.3523130295643504,0.6476869704356496,0,0.00400234,0.99599767,0,0.045656886,0.95434314
i ve been feeling really down recently don t really want to be alive but i know that if i tell my therapist i am suicidal she ll put in me in a psych ward so while i will tell her i m sad and depressed and why i m those thing but i won t tell her more don t really want to be in a ward probably won t try to kill myself if i m being homest but don t want to be alive,1,1,0.8931474627668011,0.8931474627668011,1,0.9998996,0.9998996,1,0.9937762,0.9937762
i want to be dead ive been suicidal for year im such a fucking retard filled with regret and anger im done with life i want all of this to stop why i cant do one thing right,1,1,0.8815563840929053,0.8815563840929053,1,0.9998808,0.9998808,1,0.99316216,0.99316216
damnnn i missed,0,0,0.03666816351319229,0.9633318364868078,0,0.0010263578,0.99897367,0,0.022066802,0.97793317
findinmyway luv depression hit me out of nowhere last night,1,1,0.8692023546440703,0.8692023546440703,1,0.99985147,0.99985147,1,0.99228585,0.99228585
feel anxious when i dont follow my routine exactly for example i usually do the same task at work but do know how to do other task non are hard and take a few day to learn but however whenever i deviate from what i normally do i feel anxious that something bad will happen it doesnt make sense because i have done it before and have experience but still feel scared,1,1,0.8325201788386916,0.8325201788386916,1,0.9998871,0.9998871,1,0.9933601,0.9933601
i ve had bad anxiety for five year and been diagnosed with panic disorder and ocd but the past three month are really scaring me i feel derealized dissociated almost all of the time i can barely go to class work drive even the grocery store because i have a fear of passing out or suddenly feeling disconnected from everything even fun thing i can t enjoy because i m so overwhelmed with anxiety and start questioning if everything is real or not i also feel like i can t even remember what feeling normal is supposed to feel like i don t know how bad my anxiety is anymore because i don t remember what the baseline feel like i m in the process of finding a psychiatrist but it seems like it s gon na be a while can anyone relate could really use some support tip right now,1,1,0.9940850751164719,0.9940850751164719,1,0.9999032,0.9999032,1,0.99389607,0.99389607
cough cough cough that s all i seem to do right now,0,0,0.11659365881081607,0.8834063411891839,0,0.0007902413,0.99920976,0,0.019160636,0.9808394
before i start talking i want to apologise for my english skill since it s not my mother tongue i just need to vent somewhere but i am also asking for help but most importantly i need someone to listen to me right now i have no idea on what to do i am a year old student who go to an art school staying in a boarding school under the week i have good parent and i love them and they love me but have little understanding that depression is actually an illness due to my depression i am very limited in talking about my feeling since it exhausting and i do not know how to express myself so when i m usually confronted my them i say i dont know an they ve grown tired of it i have been feeling more depressed but also suicidal starting to plan my suicide i wanted to take my life in late april probably by hanging myself i dont exaclty want to die but i just couldnt see any way of me feeling better but i want to feel better i dont want to take my own life i have a lot ahead of me a dear friend of mine and i talked to one of the worker in my boarding school and i told them everything since i wa afraid of taking my own life but i didnt talk to my parent since on my side it very difficult to explain this my mum is one of the few people that got damaged by the covid vaccine the doctor didnt take her serious and she suffered so much the past few month breaking down and falling down the stair one time my dad is a very busy man and i feel like he is just i dont know how to explain but emotionally not there often i know this is just my point of view and doe not reflect reality but i basically feel like this towards my parent the worker in my boarding school made up option stay in boarding school and looking for a therapist tomorrow calling my parent to take me home and to go to the mental hospital immediately i just didnt know what to do so the worker had to call my parent they chose to take me home even tho the worker said that my father sounded on the phone like he wa understanding the reality looked different my parent where of course overwhelmed and angry i tried my best explaining everything for example my mother said i didnt even try to get a new therapist but i did my best when we got home it got worse my father asked stuff like how i wanted to take my own life i didnt want to tell him later my mum came downstairs and we all talked well not really they were overwhelmed and seemed angry tho they said they werent my parent screamed at me saying i didnt try to reach out to them questioning why i didnt talk to them but they said that they cant tell me reality or else i d start panicking an cry they told me that i cant accept the truth and i m panicking because of this that i m acting up cause i wa cry like a madman i felt like my world wa shattering they screamed at me that i wasnt trying my best and that i didnt even try i tried to explain to them that i wa scared to tell them and stuff i tried my best but i dont think they really understood they want me to go a mental hospital but i know this would make thing worse for me i neez my friend in boarding school but i know that this cant keep going on i know that school itself make me feel bad but i have all my friend there that help me so much but they said that it s too late for me and i should have made the decision earlier i m just totally i dont know i cant stop cry i wa speechless to how they screamed at me breaking down in front of them and i dont know what to do or how i should handle the situation we wanted to go to my old therapist who isnt really good but we cant reach him i don t know what to do i am home right now but i wan na go back to my friend i really need them right now but if course i cant my mum is still saying how she cant keep up with me and shes overwhelmed with me can someone help me please or at least can i have some comforting word im very sorry to anyone who ha to read this but thank you for listening have a good day or night,1,1,0.9964051600180568,0.9964051600180568,1,0.9999074,0.9999074,1,0.9940447,0.9940447
balqeesabd people that are mad they don too abuse mental health and depression too much,1,1,0.9781340820667092,0.9781340820667092,1,0.9998733,0.9998733,1,0.9929294,0.9929294
the absence of the ability to just get over it is depression,1,1,0.8866486984784424,0.8866486984784424,1,0.9998487,0.9998487,1,0.9922104,0.9922104
kal penn thank you for being a great character on house i m sad to see you go,0,0,0.07876983046856204,0.921230169531438,0,0.0005786223,0.99942136,0,0.016184064,0.9838159
i had really bad anxiety about a year ago it made it difficult to swallow and to eat and just made everyday a chore recently i ve started to become more zoned out a if i m living in a dream there is no reason for me to be anxious but ala here i am i can not control my mind and i ve been on mg of zoloft for about month now and now that the symptom are starting to return it s making me even more anxious and i fear the anxiety may come back,1,1,0.9721775149366713,0.9721775149366713,1,0.999905,0.999905,1,0.9939612,0.9939612
like i can t even focus on anything my mind is always racing overthinking and obsessing this is especially annoying right now because i have my final exam coming up real soon and i need to work but i can t concentrate i hate the way i act around people i am so awkward i don t even speak just awkwardly nod whenever someone talk to me and whenever i do talk some dumb shit come out of my mouth it seems like i have started to isolate myself more and more from people and i am always moody people have started to catch on saying that i always look sad tired among other not very nice thing whenever someone asks me if i am okay i just lie and say yes nod my head awkwardly or make up some excuse i wish i could tell someone about my problem in depth but really i don t know what i would say and honestly no one would actually care and i don t blame them everyone ha their own shit going on and i don t want to bother anyone with my problem my own mother ha started to catch on to my moodiness and she ha started to yell at me and everything cause of the way i am acting i don t even think i am doing anything wrong i m just not talking and i want to be left alone i wish i could tell her but again i don t know what i would say i don t know how she would take it and i don t want to stress her out anxiety really suck i hate using these thing a an excuse cause i just want to get on with my life like everyone else,1,1,0.9970820282240425,0.9970820282240425,1,0.99990344,0.99990344,1,0.99390537,0.99390537
it s so cruel having to wait for review to come in so far it look like star trek will be the best film of the year,0,0,0.23564903658811456,0.7643509634118855,0,0.0015397504,0.99846023,0,0.027449057,0.9725509
don t really know if that make sense but it a sort of feeling i get a lot,1,1,0.728900683746234,0.728900683746234,1,0.99679655,0.99679655,1,0.95941734,0.95941734
adhd autism and depression are a real nasty combo,1,1,0.7296749469799749,0.7296749469799749,1,0.99982893,0.99982893,1,0.9916678,0.9916678
mtsiaklides aw i wish i could i can t really speak to my yia yia because she doesn t speak english,0,0,0.18926939326876485,0.8107306067312352,0,0.0008123814,0.99918765,0,0.019449117,0.9805509
depression fr,1,1,0.9406725366684832,0.9406725366684832,1,0.9998155,0.9998155,1,0.99131364,0.99131364
i wake up feeling guilty everyday i truly do feel like people would be happier without me of course i know that s not true but the feeling eats away at my soul everyday all i can constantly think about is the money that s ha been spent on me i feel sick looking at myself in the mirror i don t feel worthy for myself i don t feel worthy for others either i just want to be enough i just want to feel normal doing the simplest thing like breathing fill me with dread and worry when i m around others i ve never had a super close friend though i never really got out a a kid i never really felt understood i find it hard to believe that one day i will feel comfortable with myself because this feeling ha plagued me ever since i wa a child i look forward to when i sleep because that s when i m not limited and i feel free the thought of dying painlessly and giving into the void is what soothes me when i m stressed or sad i want to keep going but it s been so long of me being useless i don t know how to catch up i feel so much dread in simply existing,1,1,0.9686240790692748,0.9686240790692748,1,0.99990404,0.99990404,1,0.9939283,0.9939283
so i m a pretty shut in introverted person he they and moved to a new place just before the pandemic so a a result have no local irl friend so mid pandemic i got on twitter and met load of people who came and went however i met people she her x and she they who i truly love hanging out with but here s the hard part for pretty much the entirety of last year we hung out maybe or time a week watching movie on discord or playing game always talking and indirecting each other interacting constantly cheesy ily ily more message all that sort of thing then just after christmas it all just kinda stopped but only for me i found out the of them made a new gc without me they talk about each other on the tl constantly but never mention me and we haven t hung out in over a month i ve messaged them a couple of time about this and had it explained that they still like me and still want to hang out but they re just busy but my brain is reading into everything so hard they re still constantly interacting with each other and i never get any response i can t stop thinking about every little thing one time one wanted to play game in bed by herself and then 0 minute later i saw them all playing on discord without me assuming i d gone to bed i just don t know whether i m reading too hard into this or if i genuinely need to say something every time i see so much a a comment or message somewhere else my head get so loud and i just feel like cry constantly i ve never really been able to keep friend for more than a couple of year and the only one i trusted enough to talk to about stuff are the i m not sure i can talk to any more so a a result here i am reddit what can i do,1,1,0.9607058536133245,0.9607058536133245,1,0.99990475,0.99990475,1,0.99394965,0.99394965
oh yes hb to one of the most intr movie in history let s tell each other the impression of our first viewing of electroma i remember it wa in the year 0 and then this film raised a lot of question for me cuz i wa not prepared to sit and watch robot die of depression,1,1,0.7654028524682122,0.7654028524682122,1,0.99990225,0.99990225,1,0.99386436,0.99386436
twitringmachine anamardoll i mean with her portrayal of bipolar her view on depression amp victim of suicide autism really wasn t that far out it s like an ableism trifecta autism is weird amp ruin life personality disorder are abusive depression is fake amp attention seeking,1,1,0.9167356269533434,0.9167356269533434,1,0.9998944,0.9998944,1,0.9935987,0.9935987
got a speeding ticket,0,0,0.07454590469315696,0.9254540953068431,0,0.0010950884,0.9989049,0,0.022851694,0.9771483
jasonarnopp our membership had expired and to renew them we have to do a new induction which can t happen til next tuesday,0,0,0.0886572127841057,0.9113427872158943,0,0.0005876091,0.9994124,0,0.016319904,0.98368007
gnah inner tube exploded got ta get a taxi to work or be late,0,0,0.09563360079635182,0.9043663992036481,0,0.0005269031,0.9994731,0,0.015382334,0.98461765
hey everyone so the title say it all been going through depression since i wa around the age of currently i am and beginning to lose to my demon this often push me to take thing to the extreme for example if i want to achieve something then i become obsessed with it and go all out so to say otherwise i feel dead inside people think of me a this strong individual because i have never shown my weakness to anyone even my family so everyone is oblivious to my inner suffering it s a pure living hell it s like having rabies but instead of dying it constantly attack your brain and make you think of irrational thing day in and day out i don t have anything to brag about in my normal life average job no education after high school no car no girlfriend no friend no money to go on holiday nothing the only thing that i got going for myself is my gym addiction built a decent physique over the year and planned to actually compete ironically i had all of these thing minus the money part when i wa in high school lost the ability to smile a well i laugh at joke at funny thing but my heart is dead i became unable to form relationship of any kind whether they d be romantic or friend related just recently lost my business too i am in debt on top of that how do you fight demon who always drag you back down to the bottom of a dark empty ocean every time you start seeing light at the end of the tunnel thank you for reading p s i am not suicidal just want to smile again,1,1,0.9926113587572912,0.9926113587572912,1,0.99990654,0.99990654,1,0.99401444,0.99401444
i have an awful living situation thanks to college where i live in one half of the country for part of the year and then i move back across the whole fucking country for the next fucking awful i don t have any friend i don t have any passion everything i do is well i can t do this now because i ll be cutting it short by leaving in the summer and i m running out of time to do anything meet people get a job get a fucking treatment i tried doing therapy and i scheduled one week late because there s no fucking spot available and that s one le therapy thing i can go to because i only have two or three month left before i have to drop everything and leave again i don t know why i did this i wish i wasn t here life s just a dead fucking end and i m going to be doing this forever i ve missed out on so much and it just never get better i thought thing would get better by doing this but i wa fucking stupid a hell i m going to be permanently stuck like this because i haven t done shit with my life so far and i m never going to recover from year of just nothing nothing nothing no milestone no friendship i barely know how to function i barely know how to talk to people i can t even hide behind covid a an excuse because this is just what i ve been doing my whole life it s a waste of fucking time nothing,1,1,0.9932062904049125,0.9932062904049125,1,0.99990344,0.99990344,1,0.99390525,0.99390525
hibanick yeah aw but i know i wudnt stand a chance,0,0,0.119303142603416,0.880696857396584,0,0.0005994893,0.9994005,0,0.016498022,0.983502
a veces no sentimos tan mal que llegamos a creer que la persona de nuestro alrededor est n fastidiad s de nosotros y queremos platicar con alguien pero ya no queremos molestarlos depresion depression,1,1,0.8495608854742323,0.8495608854742323,1,0.99989295,0.99989295,1,0.99355257,0.99355257
it seems i need to revise my plan especially the date of my plan because even if i go through with it it will be thwarted because someone is currently freeloading in the house i am currently living in i don t want any disturbance and obstacle in my plan i will plan and re schedule why why why why why why now i have planned this for a couple month but why now why would there be an unexpected obstacle or disturbance now i just want my eternal rest,1,1,0.6036916188657451,0.6036916188657451,1,0.9999001,0.9999001,1,0.9937901,0.9937901
window mobile doesnt allow me to write the stack pointer,0,0,0.08661805569388294,0.9133819443061171,0,0.0009318291,0.9990682,0,0.020945586,0.9790544
tommcfly have fun tom i need to buy eclipse too but i have no money sad times,0,0,0.07845648861217297,0.921543511387827,0,0.00046706706,0.99953294,0,0.014407584,0.9855924
i have never experience anxiety like this before it feel like my chest is so heavy and i m holding in a puddle of tear at all time i can t eat or sleep i know the anticipation is the worst part but i just don t know what to do with myself my entire thought process ha changed and i just feel a huge cloud of depression following me wherever i am how do you guy cope with intense anxiety once i start having negative thought it just spiral out of control someone please tell me it get better,1,1,0.9883977639527484,0.9883977639527484,1,0.9999025,0.9999025,1,0.99387395,0.99387395
very recently my life ha been treating me absolutely horribly and i haven t been able to see anyone i ve loved or my irl crush for a week and a half now and it driving me insane because i just want to see them and i ve done nothing but sit in my room in bed and die for a week straight and i can t leave my house because i have covid btw it like i get to watch everyone else in my life go on and do the thing they ve wanted to while i m stuck in bed trying to take my life or just sleep but it never work and it never help my back ha been hurting for the longest time and i don t know if it normal or not but i can t seem to stand up straight and when i do it hurt and it hurt to walk i just want to sleep and do nothing else,1,1,0.9253864308804176,0.9253864308804176,1,0.99989855,0.99989855,1,0.99373806,0.99373806
metalgearobama people with depression should not,1,1,0.9999222870506209,0.9999222870506209,1,0.9998356,0.9998356,1,0.99184775,0.99184775
could a man with depression own and operate an air fryer didn t think so,1,1,0.9395926450750368,0.9395926450750368,1,0.99983513,0.99983513,1,0.9918344,0.9918344
i have severe anxiety and ocd and i avoided the dating scene until year ago because i honestly wanted to get over my fear and find someone i wa lucky to find a great partner and have been in a good solid relationship for six month yet somehow throughout this whole thing i ve secretly become an absolute wreck i m constantly worrying if this is the right relationship preoccupied with analyzing everything trapped in my thought and making myself utterly miserable ha anyone else experienced this like is this standard for u anxious folk or is this actually a huge red flag that dating or even this person just isn t for me thank you kindly for any advice,1,1,0.9334437790215883,0.9334437790215883,1,0.9999019,0.9999019,1,0.9938518,0.9938518
commit suicide or selfharm,1,0,0.34475792789450316,0.6552420721054968,1,0.9995383,0.9995383,1,0.9856818,0.9856818
theekween heart break trauma anxiety depression pain of losing a loved one thelmasherbs http t co ayy9 a u r,1,1,0.9769886198652872,0.9769886198652872,1,0.9998758,0.9998758,1,0.9930044,0.9930044
so i ve been dealing with anxiety since 0 i m diagnosed anxiety panic disorder and can t take med tried once and yeesh never ever again by doctor direction my own discretion noticed ever since getting off zoloft mg i only took it for day but it hit me like a bus and i had to immediately stop due to medical reason i dissociate all the time now and i hate it i lose track of time what i wa doing prior sometimes where i m sitting what s going on around me any tip would be helpful note yes i ve tried mindfulness exercise yoga meditation the whole list,1,1,0.9341536125283963,0.9341536125283963,1,0.9999064,0.9999064,1,0.99400973,0.99400973
i have been going to therapy for roughly year now and i feel like it isn t helping i have minute appointment bi weekly but i feel like the minute isn t enough time for me it take a bit more time each appointment to get recomfortable with a therapist if that make sense by the time i feel comfortable we barely get into anything important and i leave feeling unsatisfied i ve seen multiple different therapist and this is common with all of them i feel like i might need to find a new provider who doesn t follow this protocol but this is a common practice in my area doe anyone have advice on how to break through the awkward part each time and get down to what i need help with are there therapist out there who see people for more than min hr at a time,1,1,0.9482992658700534,0.9482992658700534,1,0.99990594,0.99990594,1,0.99399394,0.99399394
emmaketurah i m sorry emma is swarley a goldfish i m sad for u,0,0,0.022891817695099164,0.9771081823049008,0,0.00044177292,0.9995582,0,0.013978181,0.9860218
almostcool i m off now,0,0,0.10909243327686623,0.8909075667231338,0,0.0005433772,0.99945664,0,0.015641535,0.9843585
get inflow i got adhd anxiety depression it s a fun time,1,1,0.9838311507081167,0.9838311507081167,1,0.99988306,0.99988306,1,0.9932312,0.9932312
i don t want to d e but also don t love the idea of being alive i feel like im just existing my life somehow sound really cool on paper and in real life it s extremely meh im in a long term relationship working in entertainment like i always wanted for myself living in new york i have some solid friend but none of it feel good am i just an entitled brat i feel no excitement anymore im just constantly working on arbitrary goal that i set for myself so i don t just lay in bed all day call it high functioning i don t really want to keep doing this whole thing i m tired and over it and i ve gone through too much shit this past year and i am still dealing with ptsd and sa stuff and i just feel like i don t want to deal with it anymore i want to give my life to someone else and go live on a beach somewhere and i know that life is hard and i hate that i wish it wasn t so hard i m not strong enough to keep fighting i want to give up seeking advice please or some word of wisdom or something how do i find my spark again,1,1,0.990392498100023,0.990392498100023,1,0.9999037,0.9999037,1,0.9939126,0.9939126
so for awhile now i ve tried multiple time to hang myself and also tried to slit my wrist but all my suicide attempt have failed and im trying to find happiness in life and find a reason to live but everday i just wan na end all my suffering anyways here s why i feel suicidal so basically my mom and dad are abusive and make me feel like shit and then my brother and sister don t understand what im going through so they make it worse and my parent threated me if i call cps or anyone about what happens at the house i would get whooped till i got red mark and alot of bad thing somebody please help me before i take my life,1,1,0.9814822816122822,0.9814822816122822,1,0.9999021,0.9999021,1,0.99386024,0.99386024
i m done with life i can t cope year wa enough anyway will 00mg of amitriptyline 00mg of lyrica and 00mg of tramadol kill me if you re reading this i hope you re doing well,1,1,0.7049442781308792,0.7049442781308792,1,0.80000913,0.80000913,1,0.68219966,0.68219966
funny how the little thing make me homesick criminal breakn n a brownstone on lawnord ci made me misty,0,0,0.44736598566765395,0.552634014332346,0,0.00048092764,0.99951905,0,0.014638309,0.9853617
obama is visiting istanbul today therefore all main road have been closed cause and effect,0,0,0.15517984424446896,0.844820155755531,0,0.0007083603,0.99929166,0,0.018059326,0.9819407
bro my life ha been so horrible it s unpleasant it piss me off and make me very sad since my life is just waking up having breakfast going to school studying coming home having lunch studying sleeping dinner is sleeping again it s this cycle that always repeat i have friend but they don t even care about me i don t even know why i consider them friend it s my family it s just me my mother and two brother and i don t have uncle i don t know why i m the middle child it s my mother i feel like she hate me because it wa because of me that i made my mother my father divorced since i found out about my father i i wa having an affair with a woman i don t even know and since then i never spoke to my father again my mother often even treat me badly verbally and physically attacking me and i can t hit her because she is my mother and my brother are the only one that i consider friend because they care about my existence but they are very reserved many time they even lock themselves in their room but these last few month i have a great idea of running away from home is to end up leaving the city to have a new life yes people i have money i can survive a whole month and i know it s hard to get a job but i m willing to leave this miserable life but for now it s just an idea that i still don t have the courage to do and i also don t want to leave my brother because i m afraid to leave them what should i do leaving everything is starting a new life or continue a is,1,1,0.9651318130506198,0.9651318130506198,1,0.9999026,0.9999026,1,0.99387884,0.99387884
waking up to the sound of jackhammer is not a pleasant way to start the day,0,0,0.2658698475074299,0.7341301524925701,0,0.0005005799,0.99949944,0,0.014960221,0.9850398
shaundiviney i want pizzaaaa,0,0,0.498184967351701,0.5018150326482991,0,0.00051159086,0.9994884,0,0.015138012,0.98486197
some of u are still living in denial about the state of the country that s the only way we get by day by day without falling into depression or anxiety,1,1,0.9692422481268206,0.9692422481268206,1,0.9998598,0.9998598,1,0.99252665,0.99252665
i have been struggling with anxiety and panic attack for most of my life but i finally seem to have gotten a handle on it for the time being i still have stress and anxiety from time to time but the panic attack are much le frequent i actually can t remember when i last had one and i used to have them a lot and when they do come i m better able to handle them so i ve been able to get out into the world a bit more now but there is one problem that is still lingering from when i wa more anxious i can t tell whether my desire to say no to certain thing is because i genuinely don t want to do it or because of anxiety although i wouldn t call myself agoraphobic anymore i still always have the automatic urge to say no to anything anyone asks me to do i understand that about myself and usually it s enough to give myself some time to think it over or not think about it at all and then i m able to decide that it is actually something i wanted to do i am just nervous but lately i ve been feeling this intense urge to avoid doing certain thing and i don t know if it s because my anxiety is creeping back in or because i just don t want to do them my mind tell me i just don t want to but a you all know our mind are not always the best reference for example i moved from the u to italy and i finally mustered up the courage to join a book club in my new town to try to make some friend here the other member are italian but we all discus the book in english which is awesome because i can speak more freely that way i wa really anxious the first time but it turned out to be great it wa really fun and i couldn t wait to go again until right before the next meeting when i got anxious again again it wa fine though and this happened three or four time but every time i wa actually at the book club i wasn t anxious the only problem wa the anticipation but after the first couple meeting the book club itself started to be le enjoyable aside from one or two other member no one is very nice or talkative and hardly anyone read the book and for the last few meeting we have only discussed depressing and completely unrelated to the book thing like war and death and covid all the thing i read and go to the book club to escape from for a while also my being american apparently make me like an ambassador and the leader of the group keep asking me for the american opinion on this or what this or that is like in america and i usually have to tell them about stuff that isn t great like health care police brutality issue etc it isn t fun anymore and there is also the added problem of the leader of the book club sending me message outside the group asking me to edit her assignment she ha to do for a magazine and while she s way over the top with her gratitude about it i feel like she is just using me which is making me not want to go even more so now every time there is a meeting coming up i again get that feeling like i don t want to go but now i m thinking i might just genuinely not want to go because it s not fun not just because of the anticipatory anxiety last time i actually skipped it but i felt the same kind of guilty feeling i feel when i skip something because i m anxious this week there s another meeting and again i just don t want to go even though i read the book but i don t know if i should push through it and see if it s a better meeting this time or just listen to my gut and skip it again and or quit the club i really wanted it to be good though because i love book and i wa hoping to make friend here doe anyone have any advice tl dr how do you tell the difference between not wanting to do something because of anxiety and just not wanting to do it when you can t trust your own gut to tell you,1,1,0.9958983505337087,0.9958983505337087,1,0.9999032,0.9999032,1,0.993897,0.993897
theoryofmind woppygook omniaaaa i said no to the crackberrryyy time to depart with my flip phone,0,0,0.1782239864779661,0.8217760135220339,0,0.00048109933,0.9995189,0,0.014641149,0.98535883
my life is meaningless im a junior in high school don t know what i wan na do when i grow up my whole friend group is senior who all are leaving me and moving away to knew college they don t know this but their quite literally the only reason im even alive right now they give me motivation to wake up in the morning the day im alone and don t see them im always just depressed it s almost like their my medicine i just know once i finally move away to be on my own im going to end my life so i just would rather not delay the inevitable i don t even think my friend would care that much they ve already told me thing about killing my self a a joke not knowing the state im in and it s really not their fault i know their just joking and that they mean no harm by it it s just that im obviously fucked up in the head i sometimes would just rather wish that i d get into a almost deadly car accident that wasn t my fault just so i can maybe appreciate life more id also like to know how my friend and love one would react to see if they d actually care i think about this a lot when im driving and it tends to make me speed and drive recklessly i just want a reason to live honestly,1,1,0.9887891774910489,0.9887891774910489,1,0.99990416,0.99990416,1,0.9939318,0.9939318
my man crush jake peavy let me down gayforpeavy,0,0,0.15716521755546728,0.8428347824445327,0,0.0004763826,0.99952364,0,0.014562994,0.98543704
i m not strong enough to kill me,1,0,0.4064752643870326,0.5935247356129674,1,0.992094,0.992094,1,0.9347838,0.9347838
i reaching help from stranger i really need someone be here for me i cant handle the pressure from depression i really want to suicide please help,1,1,0.9468833683164597,0.9468833683164597,1,0.99988127,0.99988127,1,0.9931764,0.9931764
my doctor think that sertaline is better for anxiety but my fatigue specialist insists that citalopram is anyone with real life experience of either or both happy to share their opinion thanks,1,1,0.8311702791365255,0.8311702791365255,1,0.99986744,0.99986744,1,0.9927523,0.9927523
kourtneykardash i need get my beach bod back,0,0,0.13011074055929475,0.8698892594407053,0,0.0004693674,0.9995306,0,0.014446095,0.9855539
everyone subtweeting their s o saying sad shit is a fucking goober please save some of your depression for when bong bong win,1,1,0.9045994437457046,0.9045994437457046,1,0.99986243,0.99986243,1,0.9926041,0.9926041
this earthquake in italy ha me sadden it s only three hour away from naples where my family is,0,0,0.1400151855920953,0.8599848144079048,0,0.0005379138,0.99946207,0,0.015555984,0.984444
i don t think i m being irrational i know that nobody will ever want to be with me romantically im getting more depressed by the day and i already notice my few friend distancing themselves i can t blame them i m sure i m not fun to be around there s very few people with whom i feel like i can share how i m really feeling but doing so just push them away i need my life to be different not to be stuck in this worthless body i need optimism but there s none left in me i don t think i ll ever be able to kill myself so it s just going to be 0 0 0 maybe even 0 or 0 more year of this void maybe i ll be struck by lightning or something finger crossed,1,1,0.954731834852258,0.954731834852258,1,0.99990106,0.99990106,1,0.9938232,0.9938232
susanstn opps still unable to dm you at the moment maybe twitter bug after the maintenance,0,0,0.10981194928512365,0.8901880507148764,0,0.0005502852,0.99944973,0,0.015749132,0.98425084
p just broke my fucking phone,0,0,0.26590024660683487,0.7340997533931651,0,0.0021537265,0.99784625,0,0.03285188,0.9671481
mom i m sad it hurt in my heart the feeling fall into my stomach i can t stop the tear when they start mom i m sad that i never did anything that i never achieved anything that everything just fell apart i can t get up in the morning i can t focus on anything but the sadness i can t put my clean clothes away i don t have the energy to try i sleep all day because it make time go by faster it s hard for me to try and take care of my dog because that mean getting up my thought race all day about what could have been mom i m sad because i don t know if i can make it i don t know if i can keep going i don t want to break you and dad heart but i think my heart ha been broken for a very long time the fight inside me is starting to slow down everything is turning black i don t know if i can make my way to see the light anymore,1,1,0.9421223306789084,0.9421223306789084,1,0.9999014,0.9999014,1,0.9938368,0.9938368
triviathursday onepsychcommunity trigger warning the following post discus depression suicidal ideation and suicidal attempt that may be harmful to some audience reader discretion is advised http t co tufohfqg,1,1,0.7011908896210622,0.7011908896210622,1,0.999897,0.999897,1,0.9936879,0.9936879
i feel like i didn t do a much a i should have done in term of content creation and getting myself out there during 0 9 and 0 0 i know there s obvious reason a to why i couldn t do some of this stuff in 0 0 but i sometimes get myself really down for not doing certain thing i could have done in that time on my own i try to comfort myself when i see others who did certain thing at my age but sometimes it not enough i really hate how i feel so disoriented with my age due to not feeling like i did enough what i wa supposed to i m thinking of trying to see if i can be prescribed anti depressant so i can feel le crappy about myself,1,1,0.9180739597557775,0.9180739597557775,1,0.99990165,0.99990165,1,0.993846,0.993846
http twitpic com y vn remember these day neither do i siiiiike i miss my old body someday soon u shall be miiiiine,0,0,0.10130717399333726,0.8986928260066628,0,0.0005615323,0.99943846,0,0.015922971,0.98407704
officialprofoz she sed puerto rican,0,0,0.10909243327686623,0.8909075667231338,0,0.0012917337,0.99870825,0,0.024977015,0.975023
doesn t know why but is feeling very down and a trip to the gym didn t help,0,0,0.478048616321664,0.521951383678336,0,0.0015415708,0.99845845,0,0.027466467,0.9725335
nobody like me all my friend are asshole and just make fun of me isk if they think it s cool or something but it s really annoying i m thinking of dropping them i m fat and annoying my grandfather in the hospital and my family is a complete mess i have no faith for anything and the only thing keeping me alive is a concert i m not gon na hurt myself just suck being this way yk so much more going on but i only wan na talk about the loneliness right now,1,1,0.7485602951378028,0.7485602951378028,1,0.99989986,0.99989986,1,0.9937848,0.9937848
shattered,0,0,0.10909243327686623,0.8909075667231338,0,0.0029875266,0.9970125,0,0.039106872,0.96089315
i can t take it anymore,1,1,0.6431003307801485,0.6431003307801485,1,0.98383594,0.98383594,1,0.9058455,0.9058455
going through a depressive phase probably will last for a week to the least i picked up project when i wasn t in this depressive episode and now i cut of any communication with those people a the time is passing my anxiety is rising so a to why i am not communicating what they will think judgement etc what are your thought,1,1,0.5329220134711281,0.5329220134711281,1,0.9998975,0.9998975,1,0.99370193,0.99370193
mental confusion from physical or psychological pain the influence of chemical or disease physical and mental pain may cause fear anger and stress chemical change magnify the pain and can cause depression,1,1,0.819237905845308,0.819237905845308,1,0.99989355,0.99989355,1,0.9935702,0.9935702
i feel like i am getting closer to giving up everyday and i can help myself it like i am watching a ship slowly sink i don t think i will see my next birthday i know myself pretty well and i know i can t hold on for much longer i feel like a cancer patient with few month to live i have had suicidal thought before but nothing like this it feel like i am already dead,1,1,0.9556446213591321,0.9556446213591321,1,0.9998957,0.9998957,1,0.9936422,0.9936422
cant sleep once again i need to cuddle,0,0,0.05165746809393974,0.9483425319060602,0,0.0006727964,0.9993272,0,0.017562496,0.9824375
hello i have been dealing with bad anxiety for le than a week now which mean that it might not last for long but the idea of it just going away seems unrealistic and i want to be able to deal with my anxiety in the future if it pursues me for the rest of my life i am year of age and live alone i a couple of close friend and family and before my first panic attack where i thought i wa dying i wa having the best time of my life to be completely honest and it somewhat saddens me that my life took at turn for the worse i have always had bad social anxiety but it ha gotten better though my panic attack and my panicked state since last sunday have me questioning what is happening and if the anxiety stem from something unresolved i acknowledge that this would better be discussed with a therapist but the wait time is long to be clear i have far from lost hope but i would like to hear how you guy on here figured out what might be causing it if you did and lastly everyone should know that anxiety isn t going to be the same forever even if it seems bad it can change for the better just like a person and it is natural even though the body s instinct might be acting out of whack,1,1,0.9970656049241691,0.9970656049241691,1,0.99990547,0.99990547,1,0.9939758,0.9939758
cant eat drink or breath thanks to the bad throat infection,0,0,0.17130946885361567,0.8286905311463844,0,0.00083682075,0.99916315,0,0.01976329,0.9802367
so unfortunately a the title say i have bad relationship anxiety and anxiety in general although it can come and go my girlfriend went out a couple of night ago and although i trust her my anxiety work up and my head belief that she is cheating she doe not have a clue i think this way nor doe it effect our relationship but i ve the shake all day and feel exhausted after my mind racing and playing trick on me how can i stop this,1,1,0.9219894567487086,0.9219894567487086,1,0.99990165,0.99990165,1,0.99384344,0.99384344
alexbigman you left without saying hi,0,0,0.31153202140397307,0.6884679785960269,0,0.0005277032,0.9994723,0,0.015395005,0.984605
anybody know where my ipod went,0,0,0.25113147080188114,0.7488685291981189,0,0.0007809522,0.99921906,0,0.019038472,0.9809615
christieeee aww i m so sorry dearyy,0,0,0.03893437768215954,0.9610656223178404,0,0.0006538613,0.99934614,0,0.017292961,0.982707
i m m and i now have no one i can trust i don t know if my life is even worth living i don t know what i want to do with my life i just don t want to be here anymore but i can bc of my dad he would miss me to much i m a awful person and should be around anymore,1,1,0.9674832461527307,0.9674832461527307,1,0.99988806,0.99988806,1,0.9933903,0.9933903
i m sitting on my bed alone in my dark room smoking weed looking at the night sky and old photo listening to music i wa listening year ago and thinking about those time when everything wa fine and i knew le than i know right know it hurt so much physically and mentally,1,1,0.707999504573905,0.707999504573905,1,0.9998604,0.9998604,1,0.9925438,0.9925438
what a mistake buying that dress i dont even want to go to grad anymore,0,0,0.45059860923113476,0.5494013907688653,0,0.0016108787,0.9983891,0,0.02812228,0.9718777
robparsons too difficult who are these people no doubt the one who only ever see african a starving and helpless grrrrrr,0,0,0.30020605193450745,0.6997939480654926,0,0.0006362464,0.9993638,0,0.017038926,0.98296106
swellvintage a lot better today thanks unfortunately being sick did not mean loss of apetite for me x,0,0,0.10083391508952884,0.8991660849104711,0,0.0005994698,0.99940056,0,0.016497735,0.98350227
don t go on social medium is the simple solution it is all a waste of time add to feeling of inadequacy can lead to depression and creates a split personality of how you want to be seen and who you really are it ha made everyone a narcissist http t co t myb jykc,1,1,0.9028349368164182,0.9028349368164182,1,0.9999006,0.9999006,1,0.99380714,0.99380714
i am so unsatisfied with life no aspect of life is of any enjoyment to me the thought of getting a job working 9 every day of the week sleeping on the weekend because i m too tired slowly building up money to maybe have a vacation once a year for only a week and then going back into the grind continuing this a my body break down with age and eventually dying with nothing in my hand just sound like actual hell i have a girlfriend who want to marry me and have kid but i genuinely don t believe that i could give my kid or her a good life i doubt i could support a family financially because i have no money and can t afford a good education past high school i doubt i would be able to be a good father due to having to come home from a grind at work everyday too tired to play with them or properly parent and too tired on the weekend to do either why can t life be different i have no plan of suicide but holy fuck this world make me want to,1,1,0.9407587781720012,0.9407587781720012,1,0.9999062,0.9999062,1,0.9940018,0.9940018
just cause my depression not kicking my as like it use to don t mean i m not still dealing with it,1,1,0.8679794967337264,0.8679794967337264,1,0.99985385,0.99985385,1,0.9923556,0.9923556
britsystem she stopped eating and is just sleeping all day im worried about my precious little bean,0,0,0.26849201075312173,0.7315079892468783,0,0.0005540523,0.999446,0,0.015807543,0.98419243
depression make no sense sometimes i have a great life family member who love me friend who care about me everything going for me in term of college relationship life etc and despite all of these thing i still find myself thinking about ending my life suicidal ideation is something that i have dealt with since i wa a young teenager but lately it ha become a half dozen to a dozen thought of taking my own life every day what i really don t understand is the fact that almost everyone else around me doesn t feel the same way i do doesn t see the world in the same way i do sometimes when i wake up i ll just have my mind scream at me that no one and nothing matter that despite what we do all of u will end up dying one day etc sometimes i just really don t see the point of life all of u are on a journey with the only thing promised to u are sorrow or death we are taught that we have to make our own happiness and value out of life but if that s true than there is definitely something wrong with me that can t be fixed because some of u just aren t made for your fairy dust fucking world and anyone who isn t thank you cause there are too many stupid as happy people in this fuckface of a wordl we live in,1,1,0.9981066388700665,0.9981066388700665,1,0.9999037,0.9999037,1,0.9939148,0.9939148
anti p longtemps j ai cru que mon mec tait un enfoir la veille de me r gles j ai fait aussi une d pression post partum parait que c tait li le hormone montent progressivement puis s croulent d un coup pr sent je consulte mon agenda qd c est la fin du monde,1,1,0.6869246260942196,0.6869246260942196,1,0.9998772,0.9998772,1,0.9930496,0.9930496
i really need to fcking end it i can t take it anymore here,1,1,0.6579762142429995,0.6579762142429995,0,0.0024587533,0.99754125,0,0.03525727,0.9647427
rachaelyamagata you were amazing rach thank you for the music i waited outside but you never showed up there s always the next album,0,0,0.20633681340212523,0.7936631865978747,0,0.00049216306,0.99950784,0,0.014823074,0.9851769
at school right now just watched this is england and i m sorry to say that i didn t like it that much maby because i watched it here,0,0,0.2280570317408792,0.7719429682591208,0,0.0007579886,0.999242,0,0.018733528,0.9812665
my anxiety ha been taking over my life recently and i am having trouble controlling it it seems like i am always assuming the worst possible outcome for everything i somehow convince myself that the the worst will happen and that i need to prepare for it i am not sure where this way of thinking came about a my parent and my brother are super laid back and relaxed even during my college year i would panic about exam i would study all weekend skip going out worry constantly for test i would run through scenario in my head about failing not getting employed dropping out etc i would calculate the minimum grade needed to pas the course and convince myself that even though i studied 0 hour getting a is still likely and possible if my brother doe not pickup the phone late at night i worry that he crashed somewhere is not safe every night before bed i have to check my car app to make sure it locked even though i know i locked it and if i dont check i assume it is unlocked and will be stolen i worry about my health even though i am healthy it s getting to a place now where when someone tell me something that go against my worry random example you do not have a cavity i assume that he probably missed it and that i do have one it like i always have a sense of fear for everything now i am working full time it effecting me with my work life even worse to make thing short i sell capital equipment because of the supply chain issue many of current order have been delayed i run through every scenario possible that my customer will sue me for loss of profit and not delivering on time even though it is out of my control i worry that i will fulfill the order late and my customer will not pay me net 0 are the normal term in my industry i worry that my equipment will not work properly i worry that i am doing something wrong with running my business i also randomly started worrying about my equipment hurting someone and being sued for it and liable for everything it seems like i always have something to worry about when the stress from one thing pass something else come up and it constantly cycle these are just some example i seem to always go to the extreme with everything even though no issue have come from everything mentioned above i still worry about i have absolutely no idea how to control it i get random thought before bed while i am half asleep about something and it immediately wake me up and i start to panic i get super irritable when i am in an anxious state and my parent think i am just being dramatic and tell me to settle down when i can t i feel helpless it almost feel like the littlest thing can absolutely destroy my mood i have no energy to workout constantly tired no motivation to eat until super late at night i cant meditate and shut off my brain it s impossible doe anyone have any insight on how i can improve myself i am struggling finding anyone in my life that can support me i never really assumed i had any sort of gad until this past year when i started doing more research around the topic i assumed everything that i wa experiencing wa just a normal part of life until it became too much to the point where it controlling my day to day life,1,1,0.993221799313844,0.993221799313844,1,0.99990654,0.99990654,1,0.99401337,0.99401337
dktofficiall i haven t talked about depression in my post kindly read again but yes if you feel depressed kindly seek help,1,1,0.9239207249317035,0.9239207249317035,1,0.99983704,0.99983704,1,0.9918853,0.9918853
bah immune system finally gave in it did so well this year throat is feeling horrid now,0,0,0.24981949311578736,0.7501805068842127,0,0.00057287794,0.99942714,0,0.016096704,0.9839033
gingha it is i have the doc so morning off and then into work freecycling what you getting,0,0,0.06482837746698693,0.9351716225330131,0,0.0005054028,0.9994946,0,0.01503832,0.9849617
damnit i wa really digging this season of reaper http www tv com story 0 html ref story id 0 amp ref type 0 amp ref name story,0,0,0.14376783960850398,0.856232160391496,0,0.0006460404,0.99935395,0,0.017180575,0.98281944
sitting at my desk eating dinner great thai but a bit of a sad situation overall,0,0,0.1282171806215924,0.8717828193784076,0,0.0006456393,0.99935436,0,0.017174786,0.9828252
i ve always been scared if the dark it something i can t explain i know there s something there not trying to sound crazy lol everytime i put my phone down to sleep i just get crazy anxiety and start seeing thing sometimes i m going to wake up at pm tomorrow at this rate,1,1,0.7484658312676885,0.7484658312676885,1,0.99989605,0.99989605,1,0.99365497,0.99365497
schofe not off the side of the bridge i hope,0,0,0.17534198474340967,0.8246580152565903,0,0.0005928758,0.9994071,0,0.016399078,0.9836009
i m apparently a horrible failure of a partner and lover i m awful and terrible i should just go kill myself everyone would be better off if i wa dead i m terrible for the hurt i cause because i ve been hurt i m hideous for not knowing how to love when my whole life ha been nothing but trauma i m worthless and no man will ever love me i deserve to be told to kill myself and i deserved my abuse i deserved my rape and my miscarriage and to be cheated on i deserved it all i m terrible im a failure of a daughter a sister a friend an almost wife and almost mother i have no worth im unlovable,1,1,0.777547050658332,0.777547050658332,1,0.99989533,0.99989533,1,0.9936295,0.9936295
so i have a disabling chronic illness last year i went through some pretty severe stuff almost starved to death because my stomach doesn t work properly and won t digest food had to be hospitalized and have a permenant feeding tube placed etc that s just backstory that might be relevant but honestly i m not sure i have this overwhelming anxiety any time anything slightly untword happens to my partner it s particularly unmanageable when it come to them feeling physically unwell i have no idea why this happens it s something i ve experienced in other very close relationship a well but it s not everyone not even everyone i care very deeply about it s super weird and i have no idea where it s coming from but i need it to stop because i want to be supportive and i can t do that if my partner know i m fighting down a lot of anxiety just to talk about them feeling like they might be coming down with a tiny cold the anxiety can even bleed into feeling of anger or frustration which i hate even more because who get angry about something like that am i just a bad person how do i cope with this in a way that doesn t negate their experience by requiring them to constantly tell me nothing is wrong or that everything is fine but also not going off the deep end and feeling crazy with fear just because they might be experiencing discomfort,1,1,0.9930621416144347,0.9930621416144347,1,0.99990726,0.99990726,1,0.9940394,0.9940394
hi i have been using efexor and rexapin for depression and anxiety for a while before medication i used to eat so i wouldn t die but right now i want to eat everything especially sweet and carbohydrate food how do you control weight while taking medication waiting for your advice,1,1,0.9605096064503869,0.9605096064503869,1,0.9998919,0.9998919,1,0.9935154,0.9935154
overheardatmoo wish i could have participated this time,0,0,0.34108237189660756,0.6589176281033924,0,0.00051122374,0.9994888,0,0.015132121,0.9848679
i guess i m on here to get some thing off my chest maybe even get some advice i really just want someone to relate to what i m going through if you took the the time to read this thank you a little background i m 0 australian cisgender male i ve lived in the foster care system which come with a lot of different issue i couldn t possibly get into i work for the government i can t say what i do here i do some dangerous work that led to being assaulted in early january i ve since been on work cover for my mental health acute stress disorder every day get harder i wake up and i can t get out of bed i sleep horrible hour i smoke almost a pack a day and i play video game non stop i feel like an exposed nerve some day every interaction with another human make me nervous and the day i leave the house are becoming fewer when i moved to my current town i didn t really have friend i ve always struggled with social interaction i joined a dnd group at a local hobby store in the hope of making some friend they were all relatively younger than me all in their 0 i gave it a go nonetheless several session in they ve asked me not to come back i didn t see it coming tbh it disappoints me because the reason why wa unclear i had thought we were friend dnd wa the general highlight of my week it s not exactly a productive past time and most people probably think it s stupid or nerdy tbh it absolutely is but i felt accepted and it wa a group who s social behaviour didn t revolve around drug and alcohol i m trying so hard not to internalise it and just accept that maybe i just didn t mesh with the group in addition to this my problem are piling up my car is completely useless my back is causing issue and i m gaining so much weight right now everything feel exhausting my lifestyle is so toxic right now and i know something need to change i just don t know what to do i feel so overwhelmed with life the best advice i can find is to grow up take responsibility for my life but it rarely seems that simple i feel like i have nothing left,1,1,0.9908033134093056,0.9908033134093056,1,0.99990416,0.99990416,1,0.99393094,0.99393094
i can t find the strength to do anything i m supposed to do like studying going to the gym or finding a job i have been losing interest in thing i used to like to the point i don t enjoy doing them and they are becoming difficult to do because they are supposed to make me happy and being happy requires a lot of energy i don t have by losing interest and thing i like i m running thin of thing that keep me motivated for living and hope for the future i have difficulty getting help because i don t think it is worth the effort for a hopeless person like me i don t even think i deserve that help considering the thing i hate about myself i don t even want to talk about this thing with other people that care for me because with my point of view of the world and future might grab them down to this dark and hopeless vision the only thing that keep me from km is that i know it would hurt people around me i really need something to look forward something that give me the motivation to keep going,1,1,0.9840183390530556,0.9840183390530556,1,0.9999032,0.9999032,1,0.9938956,0.9938956
the sun set way too early,0,0,0.11379405218681066,0.8862059478131894,0,0.0007599776,0.99924004,0,0.018760104,0.9812399
wish the sun would shine more i have a cute yellow dress to wear come on sun come out and play stupid england,0,0,0.11402610933005321,0.8859738906699468,0,0.00047817442,0.99952185,0,0.014592724,0.9854073
she s guilt tripping him for feeling good about himself she s saying he s the reason for her sadness and she s missing a version of him where he wa at his lowest she didn t even see the depression that lived in her husband because it made her comfortable,1,1,0.8305926285881211,0.8305926285881211,1,0.9998814,0.9998814,1,0.99318075,0.99318075
vanidosa what s wrong why do you need an inhaler i didn t even know you were sick hope you start feeling better,0,1,0.5078471207672725,0.5078471207672725,0,0.0016590545,0.99834096,0,0.028570225,0.97142977
morning good im bloody knackered work is not for me today helppp xxx,0,0,0.04825515327303819,0.9517448467269618,0,0.00044642636,0.99955356,0,0.014058021,0.985942
i m not liking that new itunes pricing at all i mean i ve seen several song at 9 but not only one at 0 9,0,0,0.07955732360477065,0.9204426763952294,0,0.00087964314,0.99912035,0,0.020303588,0.9796964
marthagonemad agreed i wish it could just be pure and easy fun,0,0,0.1395092486140969,0.8604907513859031,0,0.00062071835,0.9993793,0,0.016812244,0.98318774
edit i never really thought anyone would care but thank you so much for each of you for taking time out to console a random stranger it meant a lot and while i spent the night contemplating just ending it in the end reading this comment section again and again helped a lot i m still here and that s count for something i guess,1,1,0.7807033206991101,0.7807033206991101,1,0.9998642,0.9998642,1,0.9926549,0.9926549
carli chick i can t get photo x,0,0,0.11934442262108895,0.8806555773789111,0,0.00044860994,0.9995514,0,0.0140953455,0.98590463
hate his pill oh god why do they have to taste so fuckin horrible 0 liter of coke to flush them down isnt even enough,0,0,0.20772948046767806,0.792270519532322,0,0.001220457,0.99877954,0,0.024225643,0.97577435
jbeauty oooh head high killin em wit da no lol didn t think so but u don t really know me yet i m a good tucker inner haha,0,0,0.1924604398039676,0.8075395601960325,0,0.000641325,0.99935865,0,0.017112494,0.9828875
i am sorry i could not make it until june i have tried i am not strong enough this school is too unforgiving i am sorry,1,0,0.2243950808066044,0.7756049191933956,0,0.0015042274,0.99849576,0,0.02710728,0.9728927
this isn t for me it s for my niece i ve got anxiety and get panic attack and she s got it too and is having a panic attack right now and i have no idea what the fuck to do so someone help me please i can t call her mum a she s on a flight or her sister who is like about to have a baby so someone tell me what i should do i m freaking the fuck out because i know my coping mechanism will not help her whatsoever,1,1,0.8983499749772671,0.8983499749772671,1,0.9998996,0.9998996,1,0.9937757,0.9937757
i give up i won t ever get better my life will be the same for the rest of my life my youth is already wasted i m rotten inside the pill on my desk are a constant reminder but also a comforting way out anytime i would want to the light from my window is a reminder of how the world will go on and forget about me i like that thought i used to feel ashamed for always feeling ignored and not seen but now it s all i want please hate me it will be so much easier please forget about me please don t think about me you deserve better fuck you screw you don t make a face like that you ll get wrinkle you re crazy you re stupid you don t know anything why are you like this why are you laying on your bed all day why did you ignore all the sign mom i m hurt and i want to die why did you forget about the time i told you i tried to kill myself why did you say ew at the time why did you tell me to never do it again why did you tell me we re just gon na have to make it on our own i wanted help i m hurt i m angry and frustrated it s too late for me to get better i want to disappear,1,1,0.9815237698218441,0.9815237698218441,1,0.9999044,0.9999044,1,0.9939383,0.9939383
ali 0 omg did daughter not come home last night what a huge worry i would have been out of my mind poor you,0,0,0.16225774928266962,0.8377422507173304,0,0.0005281977,0.9994718,0,0.015402835,0.98459715
and tell my that i will be ok and my life is not in shamble because of a stupid stupid decision i made it s been day that i have not slept but just thought about the situation i can t seem to solve i should have just not tried to overachieve some shit and now i am left with nothing nothing and my career is even worse than if i had just done nothing i am shaking i am anxious although i have never had mental health issue before and my life is a mess every stability i knew is getting pulled away from me and i have even failed myself at giving myself some stability everything is a mess please i can t deal with it at all i want to wake up in a different life every morning i can t get a break from being anxious and worrying not even for some sleep that is how badly my brain is coping hope there will be some answer to help me cope ha anyone else hat a full week of constant anxiety,1,1,0.9881562320901557,0.9881562320901557,1,0.9999056,0.9999056,1,0.99398094,0.99398094
let me start by saying i am in the same boat a all of you i wish i could help you all but i can t sadly about me when i wa 9 something clicked and i started to view the world a a negative place the realization of not being able to form genuine friendship my friend dying and my father not really being there for u this sent me into a depression which i am still in today i won t lie i think about suicide quite often but i control myself by distracting myself with other activity instead of letting the thought get to me all they are are thought and they have become a coping mechanism i have gone through a few therapist and psychiatrist too although i stopped my ssri and adhd med when i wa i then became quite angry knowing there is no escape the day blended together day after day rotting away i became angry with myself and others and became very angry at others and closed minded in no way am i telling you to do anything i wa in a funk this winter and a friend of mine happened to have a gel tab of lsd and i asked to buy it later that night i took it and hopped on discord with a good friend of mine who also ha some of the same stuff going on a me and ha done mushroom so we relate well it wa unexplained the most beautiful feeling i have ever felt to explain it for someone who hasn t done psychedelics it the feeling that you are part of a bigger picture and that every moment ha lead up to this you are loved i am you and you are me i am still having a hard time putting it into word i laughed the hardest i had ever laughed and then realized what life is and started to get in my feeling and cry i cried for a while and hard too and then i thought the situation wa funny and started laughing again because i know wherever i end up i will make it and that life is such a beautiful thing not to be wasted or taken for granted i then went on to trip more time on lsd and twice on mushroom i am not saying go do psychedelics but for me they have done more than ssri ever did for me in the course of a night the feeling of having a clear place in the universe and being able to question with such a reduced sense of fear is amazing the feeling of going with the flow and seeing where life take you is a liberating feeling we were put here to love one another not kill ourselves and waste potential here are my final thought do your research before doing any psychedelic because if you take ssri it could mess you up real bad also i truly believe psychedelics are the way of the way of the future i still have depression yet it is a lot easier to cope with and feel a sense of calmness instead of absolute terror about whatever you are facing know that whatever is bringing you down i love you and the universe doe too you were put here to serve a a part of a much bigger picture just a small piece of a puzzle learn to love yourselves and others and peace will come to you in all aspect of life,1,1,0.9930001884983503,0.9930001884983503,1,0.9999075,0.9999075,1,0.9940456,0.9940456
kal penn arrrggghhh and i hadn t seen last night s episode yet pity to lose you though,0,0,0.06477419990243713,0.9352258000975628,0,0.00047123322,0.99952877,0,0.014477268,0.98552275
i ve been lying for year about how i feel right to people face i feel like i can never be the real me a it would burden other people with my feeling i always sabotage myself by keeping to myself until i break and hurt the other people around me but i just can t get out of the hole i ve dug for myself i m completely burnt out and don t have any motivation to do anything anymore i mean my day literally consist of listening to music and not much else because it s one of the few thing i find joy in i don t enjoy many thing anymore because everything i care about always get taken away i don t understand why i exist at this point is it just to lie to and hurt the people i care for,1,1,0.9857840864880263,0.9857840864880263,1,0.9998995,0.9998995,1,0.9937698,0.9937698
well isn t that great now i m really sick all coughing and having a sore throat,0,0,0.06384474467291128,0.9361552553270888,0,0.0006026361,0.99939734,0,0.016544927,0.98345506
bit lonely on here don t seem to have many friend who actually use twitter oh well,0,0,0.13543718976784194,0.8645628102321581,0,0.0005806261,0.9994194,0,0.016214436,0.98378557
vixen not so innocent after all,0,0,0.11147235372060316,0.8885276462793968,0,0.0006243795,0.99937564,0,0.016865933,0.9831341
pa moracchini la boucle c est ca gt bonne pr pa parce que mec intelligent gt gros cv gt taff d bile ultra bien pay gt d pression parce que gar trop conscient gt se venge de tout ca en tant z l jouissances toxiques gt coinc en enfer,1,0,0.48557567988446226,0.5144243201155377,1,0.99978846,0.99978846,1,0.99064064,0.99064064
sinktoswim hopefully it will be,0,0,0.1401147722196427,0.8598852277803573,0,0.00067022693,0.99932975,0,0.01752613,0.98247385
three cheer for fiber to the home now we only have to wait year for it,0,0,0.18354944291877173,0.8164505570812283,0,0.0005245063,0.9994755,0,0.015344305,0.9846557
i feel worse than ever i need more burn than i thought i started using cigarette burn i thought this wa going to be better than cutting but it s worse much much worse i need help the guy i talked to in dm wa right i need help i just don t know where to start,1,1,0.7429562534454572,0.7429562534454572,1,0.9998908,0.9998908,1,0.99348277,0.99348277
she wa the only thing making me feel guilt or sadness at the thought but now knowing she won t care i think i m ready,1,1,0.7655036879457741,0.7655036879457741,1,0.9992254,0.9992254,1,0.9810455,0.9810455
theekween depression anxiety pain of losing loved one heart break thelmasherbs,1,1,0.961264642599626,0.961264642599626,1,0.99987173,0.99987173,1,0.99288017,0.99288017
divapromotions i agree sendout card rock just sent one today to a dear friend that i had to let go,0,0,0.16568825171903231,0.8343117482809677,0,0.00056310266,0.9994369,0,0.015947122,0.9840529
i know my life ha been flipped upside down when i just thought in my head that some ramen sound good,0,1,0.6336201131973246,0.6336201131973246,0,0.0011918338,0.99880815,0,0.023918074,0.9760819
nasty scraping noise from the back of my car,0,0,0.11890523973007401,0.881094760269926,0,0.0010231921,0.9989768,0,0.022030056,0.97796994
it s something i feel multiple time a day i get even more anxious when i don t get reply or when someone leaf and drive some place else i always have to check my parent cctv camera they gave me access to it i can t help but think something bad might happen i ve been like this since i wa a child my first memory of this fear wa when i wa around or year old and my grandparent drove to a place i considered far i wa so worried i had to ask my mom if they ll be safe do you experience the same thing how s it like for you how did you get over it if you ever did,1,1,0.9719379445583629,0.9719379445583629,1,0.9999039,0.9999039,1,0.993923,0.993923
is finally home after a shitty day at work doing floorset,0,0,0.2002728976870988,0.7997271023129012,0,0.00048299495,0.999517,0,0.014672455,0.98532754
ha got a cold coming how shite,0,0,0.05698754359102936,0.9430124564089707,0,0.000654769,0.99934524,0,0.017305957,0.98269403
at degool cafe waiting the clock to be pm,0,0,0.08894074556349495,0.911059254436505,0,0.00065046863,0.99934953,0,0.017244281,0.9827557
everything every good thing that ha happend to me so far is a lie they re all the thing that are used against me to burn me alive i m so sorry that i dedicate my all towards something only to see it fail and burn right in front of my eye i deserve nothing but pain i m a waste of space god doesnt exist he would never be okay with all that ha been happening to me why cant i just fucking go peacefully i m tired of cry,1,1,0.8012610237693233,0.8012610237693233,1,0.999899,0.999899,1,0.99375474,0.99375474
home mc bored missing him who him sigh im bored tadi exam amp wa okay thursday lagi exam gaaaaaaaaaaaaaahhh,0,0,0.07193803502090299,0.928061964979097,0,0.00052949187,0.99947053,0,0.015423306,0.9845767
umm yeah homework,0,0,0.044288063861750826,0.9557119361382491,0,0.00067521964,0.9993248,0,0.01759673,0.9824033
pauliwhirl omg whine whine whine whine housing lotery is over stfu i had to explain to qidong that he wa fucked,0,0,0.15694047848310402,0.843059521516896,0,0.0004962023,0.9995038,0,0.014889037,0.98511094
is probably sick ffs,0,0,0.08233595973520837,0.9176640402647916,0,0.00094275293,0.99905723,0,0.021077804,0.9789222
awh damn my puppy ha tick,0,0,0.09736768269316931,0.9026323173068307,0,0.00068501366,0.99931496,0,0.01773452,0.9822655
i m sorry sometimes i don t feel much i wish i did i wish i wa better for you i wish i could always try my hardest and make thing better i wish i wasn t bad i d do anything to make myself better for you i m sorry i ve cried more than i d like and felt a lot lately i wish i could feel a lot a lot of the time i truly am sorry,1,1,0.7898342777026923,0.7898342777026923,1,0.9998745,0.9998745,1,0.9929657,0.9929657
it really annoys me when i m on msn on my 0 late at night watching a dvd and i fall asleep inadvertently damn it lukey,0,0,0.08717915211553762,0.9128208478844624,0,0.00054702576,0.99945295,0,0.01569844,0.98430157
red jaguar blue barracuda green monkey orange iguana purple parrot and silver snake remember legend of the hiddent temple,0,0,0.11127958127626056,0.8887204187237394,0,0.0033125295,0.9966875,0,0.041309163,0.9586908
i ve experienced this before they describe this one a brain zap but this time it s much worse it s at the back of my head now like near my neck then it s followed by intense pulsing feeling somewhere between the back of my head and neck and i feel like something bad can happen to me anytime i m not even feeling anxious at all right before experiencing this one anyone else who experienced this,1,1,0.8923436913316909,0.8923436913316909,1,0.99989617,0.99989617,1,0.9936599,0.9936599
i don t like these late start night shift coupled with it being bloody light outside my window when i m meant to be going to sleep,0,0,0.10362315850071176,0.8963768414992882,0,0.00076929556,0.9992307,0,0.018884216,0.98111576
anyone else having awful war anxiety if so how are you managing i like near a base so basically my situation is i m f ckef if putin decides to bomb it any advice or well word are helpful i just need to calm myself about this ww stuff please,1,1,0.7855507541104384,0.7855507541104384,1,0.9998976,0.9998976,1,0.99370724,0.99370724
tpaw wooo yeah sorry to hear you missed out on origin ticket,0,0,0.02723339902277285,0.9727666009772271,0,0.00046085514,0.99953914,0,0.014303149,0.98569685
content by eugene cacao graphic by kath limfueco source holland k 0 september how to fight depression 0 thing to try healthline http t co o udqteja what is depression n d american psychiatric association http t co quoyn0j b,1,1,0.9635981558742265,0.9635981558742265,1,0.99989843,0.99989843,1,0.99373454,0.99373454
a coping mechanism i have is that i ll sort of get through the hour of the day until it is nighttime and i know i can have the sweet release of sleep soon of course this isn t every day but i usually look forward to sleep because it s the only time i am really guaranteed not to feel anxiety dread of course some day i will sorta forget about it but it seems that the like the main objective of the day is to get to the end of it funny enough i actually don t mind living like that i find it very comforting knowing i get an hour break from my anxiety every day i still have plenty of day where i am enjoying the thing through the day but even on those day when hour fly by i m like oh bonus i m closer to bed some day it s like my only hope though where i am really all over the place and it s my anchor to keep going idk i m sure it sound bad that i look forward to going to sleep everyday but i find it a pretty good coping mechanism,1,1,0.85137880485163,0.85137880485163,1,0.99990606,0.99990606,1,0.9939983,0.9939983
my best friend amy is coming round today to i ve got to clean the house and i ve got to find my amp cable,0,0,0.11620231141865787,0.8837976885813421,0,0.00054929015,0.9994507,0,0.015733669,0.98426634
coming down with a cold or bad allergy either way i m miserable,0,0,0.12761373996573017,0.8723862600342698,0,0.00070229056,0.99929774,0,0.017975366,0.9820246
reeked of alcohol at the dentist this morning wa drunk when i put on my tshirt realised it had a huge stain dentist looked disgusted,0,0,0.170911868022378,0.829088131977622,0,0.00073038955,0.9992696,0,0.01836124,0.9816388
when i got my diagnosis of generalized anxiety disorder i wa very optimistic and relieved i had been living with this condition for many year completely unaware the diagnosis wa a spark of hope perhaps one day i d be able to recover with the proper combination of therapy and medication year later now i must admit i feel exhausted with life it s really depressing to live with the knowledge that i have to be constantly alert to my condition or it will spiral and get worse yes treatment can help but needing to continually use cbt meditation grounding technique etc just to do the thing normal people do without difficulty is infuriating i feel like this isn t nearly talked about enough in mental health circle anxiety and depression are portrayed often a condition which can be fixed with the right cocktail and not also sometimes a life long condition which can exhaust not only you but your loved one i don t know just feeling bitter today,1,1,0.9795753369321962,0.9795753369321962,1,0.9999068,0.9999068,1,0.99402034,0.99402034
isnt very happy with twitter at the moment wont let me upload my picture wishing dougie or tom would reply to me,0,0,0.07668859142220885,0.9233114085777911,0,0.00080610666,0.9991939,0,0.019367738,0.98063225
rubyrose awww wish i could go but it in sydney,0,0,0.11088386433801398,0.889116135661986,0,0.00051061285,0.99948937,0,0.015122295,0.9848777
sleepin skankityspence halo tonight before you leave,0,0,0.11386953947472575,0.8861304605252742,0,0.00052631507,0.9994737,0,0.015373005,0.984627
can t upload my pic,0,0,0.07275509789898608,0.927244902101014,0,0.0012723409,0.9987277,0,0.024774583,0.9752254
ppd amp work hi everyone i m month postpartum and for the past couple of month i ve been calling into work a lot i ve had depression anxiety for year but during my pregnancy it got wayyyy worse anyways i m grateful that my job hasn t said anything since i always have a sub i work at a high school a a paraprofessional but i just can t come around to wanting to be at work anymore i don t want to work i don t want anyone watching my baby i just want to be home with my baby i haven t been to work all week and want to call in tomorrow i cry at night with the thought of going into work i m trying to push to the end of the year so i can get paid thru summer then quit in the fall but i don t think i can even last these next month without missing so much work any advice what should i do my boyfriend tell me to push thru until the summer at least when we ll move into a cheaper home situation and he can be the sole provider but i m also about to get my income tax and i know that can compensate for my working wage until then i m just so lost idk what to do also i can t come around to taking my zoloft consistently because i feel like it won t help and there s no point i feel like i m just broken,1,1,0.9713960673743163,0.9713960673743163,1,0.99990773,0.99990773,1,0.994056,0.994056
islandnene well you didnt even consult me to see what my plan were maybe they changed and they did so thanks,0,0,0.3756302419324296,0.6243697580675704,0,0.0008812866,0.9991187,0,0.020324083,0.9796759
bradiewebbstack aww poor bradie stuff those vegies take a stand,0,0,0.11763473028399483,0.8823652697160052,0,0.00056552514,0.9994345,0,0.015984304,0.9840157
i just got another thing i have to look out and care for overcame the college exam and finally found one more freelance deal to keep me fed anyway job got cancelled because of covid 9 but it s an online tutoring what doe it ha to do with covid i m doing all i can with every option i have i work consistently but why doe it always have to be so one sided i have day left with only little money enough for a single meal until i may get the chance to work there are phone and landline bill which i wouldn t be able to work without yet still unpaid because college say fuck you and pay u or we kick you out because i didn t have enough to enroll for this term why why why i want to die but i can t i don t want to make people i care about sad but this is not fair,1,1,0.8074041362135319,0.8074041362135319,1,0.99990284,0.99990284,1,0.99388534,0.99388534
theekween depression,1,1,0.9833115761738132,0.9833115761738132,1,0.9998323,0.9998323,1,0.9917562,0.9917562
i ve lost my favourite mac lipgloss i m so upset about it i never lose thing,0,0,0.2035819617594973,0.7964180382405027,0,0.0005545423,0.99944544,0,0.015815126,0.98418486
krist0ph r thats damn sad hope thing will be fine after gud lunch,0,0,0.09348675010867814,0.9065132498913219,0,0.00047390582,0.9995261,0,0.014521816,0.98547816
dannyvegasbaby danny im upset that i wasnt here to watch the live chat i wa in a car for hour on a trip im soooo upset,0,0,0.17178289980375144,0.8282171001962486,0,0.00051873934,0.99948126,0,0.015252489,0.9847475
horror wench me toooooo i feel like i ve been on the verge of an anxiety attack all day,0,1,0.7594366281083358,0.7594366281083358,0,0.0026124786,0.9973875,0,0.036414694,0.9635853
man do crime society woman s he is a criminal he is a monster bla bla bla woman do crime from decade society woman s itself it s depression it s self defence woman would defend anything done by their fellow sister http t co mk j c jsh http t co zjbnbowzjn,1,1,0.6800683761854809,0.6800683761854809,1,0.99989784,0.99989784,1,0.99371344,0.99371344
yoghurt overload,0,0,0.10154269596412174,0.8984573040358783,0,0.0005912664,0.9994087,0,0.016374916,0.98362505
exactly year ago my mental health went down hill drastically i felt alone sad and unloved also adding up to that what i start realising now a very strange circle of friend one year after that nothing really changed and there were some point where it got even worse but then everything started to change i started hanging out with my people again even tho they did nothing for me when i wa at my lowest but who care my grade where decent and i started to get happy again most importantly i meat my now girlfriend which is a whole other story that s the thing that s going around my head most of the time atm but now i have been in quarantine for day and everything fall apart i can t stop thinking about stuff that make me sad everything overwhelmes me and my head hurt from thinking maybe you can call it voice but i m not sure if i make that up causo of the fact i have a high risk for schizophrenia it s am right now and i can t sleep maybe someone would like to text a bit that s what i did very often in the past dark time anyway thx for reading this,1,1,0.9834727015364741,0.9834727015364741,1,0.9999057,0.9999057,1,0.9939838,0.9939838
normalguyguide i can t i have so much to learn about wwi by tomorrow at noon,0,0,0.13380417893747704,0.8661958210625229,0,0.0005139898,0.999486,0,0.015176514,0.98482347
i ve been trying to walk forward despite everything but i feel like i m out of option and got no help so i m here trying to figure out if my situation is a bad a it seems to me i am a classical musician not from the u trained in a conservatory since i wa a child and over the year got to play and perform wonderful music in different country and finished two master s degree in the u i graduated the last one just a the pandemic started and eventually married my u citizen boyfriend the application for a green card is gon na take a few month at least six so i have no access to health insurance or medicaid or really anything that isn t out of pocket and super expensive i haven t had a single job or real performance in two year and my playing ha declined over this time which make it even harder to find a job in the future when i get the green card not that there are any opportunity around me anyway nobody seems to care about classical music im feeling like i spent so many year and made so many sacrifice my childhood and teenage year and friend for example just to be able to play music that nobody want to hear i know i could play arrangement of popular song but that just make me wan na cry all the hard work feel so wasted on that and it brings me no joy to play music i don t like on top of this i have no support network apart from my husband who is super busy working for both of u and can t be the only one in my support network which i understand i have no car and live in an area with zero public transportation so i have been all winter stuck in the basement we have been living in it doesn t even have window so no sunlight i do try to spend time outside every time it s not freezing but i m increasingly lonely and spiraling down more every day about everything i have terrible social skill autism so i don t even know how to make friend but i literally haven t seen anyone my age in the neighborhood or really anyone approachable at all i need help but i don t know how to find it,1,1,0.9706129791179764,0.9706129791179764,1,0.99990547,0.99990547,1,0.9939778,0.9939778
passed out last night while mum wa puttin cream on my tattoo,0,0,0.11836788083991563,0.8816321191600843,0,0.0005101111,0.9994899,0,0.015114223,0.98488575
alicayaba so cuuute hey i miss you na it not the same not seeing you girl everyday,0,0,0.12179340189807407,0.8782065981019259,0,0.00052097614,0.999479,0,0.015288161,0.9847118
this is the first time i ve cried since december last year it s a powerful feeling emotion run strong i m wired different since i have autism so i react differently and can take depression and sadness easier than most but this hit me hard af,1,1,0.8135140104178554,0.8135140104178554,1,0.9999002,0.9999002,1,0.9937961,0.9937961
sarahreedsc treaty isn t defined,0,0,0.1206212767015583,0.8793787232984417,0,0.0011812741,0.99881876,0,0.023803718,0.9761963
in biology class my lip hurt,0,0,0.16423246775635084,0.8357675322436492,0,0.00058198464,0.999418,0,0.016235,0.983765
honey i did get some disgruntled people when i wrote my esn but the 000 hit in one day made up for it bill pull in 0 top,0,0,0.4282022009460002,0.5717977990539997,0,0.0005164256,0.9994836,0,0.01521552,0.9847845
i hate so much of my life i love being at school with my friend but i have to come home every fucking day i have to wake up to these fucking asshole everyday my older brother is fucking insane on good day he is simply the most annoying little shit that won t shut the fuck up and stop talking to me on bad day he just argues and scream and throw thing and take out his anger out on whoever is closest mostly me bc we share a room my perants are nice but my dad transphobic and i want to tell him that i want to transition but i m afraid he wont see me the same or love me my younger sister is the only thing keeping me here i love her she s so understanding and sweet i don t want to hurt her by dying but i can t stand living anymore,1,1,0.9369802097288306,0.9369802097288306,1,0.9999014,0.9999014,1,0.9938378,0.9938378
i just learned about appendicitis and i m freaking out the thought of my appendix bursting randomly make me desperately want to crawl out of my body i ve seen too many thing in my life that have made me so afraid and worried about the pain that come with death i used to pursue forensic science until it wa too much for my anxiety we had to watch people get killed in order to learn how to recreate the event of a crime scene i m a healthy year old yet i fear and think about death every single day of my life specifically the pain associated with it doe anyone else have this fear or know any trick to cope with it,1,1,0.9608785500695161,0.9608785500695161,1,0.9999038,0.9999038,1,0.9939194,0.9939194
shandasaurus i see,0,0,0.21645300714406474,0.7835469928559353,0,0.0017998916,0.9982001,0,0.02984523,0.97015476
mizzzidc the way people throw the word depression and mental health at every slight provocation these day is just alarming,1,1,0.9807969856520566,0.9807969856520566,1,0.9998703,0.9998703,1,0.992837,0.992837
ha nothing to contribute to a discussion of angel and airwave v blink,0,0,0.18144575437794108,0.8185542456220589,0,0.00058335584,0.99941665,0,0.016255736,0.98374426
i m crippled by my past mistake i had the perfect life and threw it all away now i m with someone who treat me like shit and i m staying because i feel like that s what i deserve every day is a struggle and i m ready to be done with this life i ve ruined the world would be better off,1,1,0.9185760937236779,0.9185760937236779,1,0.9998926,0.9998926,1,0.99353963,0.99353963
i am just jealous of so many thing i don t have depression destroyed my memory and i can t remember anything what make thing worse is this is my final school year and i have final exam in around a month i know i will fail because i physically can not remember anything every time i see people learn i feel jealousy that they can do thing i can t the jealousy appears also when it come to my two friend they both have other friend than me so they can leave me anytime they feel like it they also don t talk to me that much and spend more time with those other friend they also wanted to do something nice to one of my friend and didn t even invited me to spend time with them it just hurt i tell myself i just need to meet more people either online or irl but it s hard and i m just trying to ignore my true feeling i wa always there for everyone since i can remember and all i get in return is being ignored and forgotten i started to think about myself more and now i m rude and only thinking about myself but i don t care they are not the kind of people i want to be friend with if you reached this point thank you for reading i just wanted to anonymously tell my true feeling and thought to someone have a nice day,1,1,0.9959381947641793,0.9959381947641793,1,0.99990547,0.99990547,1,0.99397546,0.99397546
i told them about my suicidal thought and that i don t know how long i would be gone it just got so much easier now the thought of killing myself i mean i originally planned to do it when i wa 9 but thing have changed the thing i wa afraid of wa abandoning my friend now all they all know is that i m taking a break if i just did it they would think i moved on not knowing what actually happened to me thinking that i got better,1,1,0.9106667688464593,0.9106667688464593,1,0.9998944,0.9998944,1,0.99360067,0.99360067
fvck off girl trying to use depression to get support and sh t just fvck off,1,1,0.8095732267118001,0.8095732267118001,1,0.9998547,0.9998547,1,0.99237776,0.99237776
doesnt know what to wear,0,0,0.2284527783295614,0.7715472216704387,0,0.0050523747,0.9949476,0,0.05161672,0.9483833
stupid year project feel like you ve conquered something then you realised it s only year down,0,1,0.5803701805575595,0.5803701805575595,0,0.0010034642,0.99899656,0,0.021799883,0.97820014
cant be bothered gwtting dressed x,0,0,0.09072884055125492,0.909271159448745,0,0.0004910352,0.999509,0,0.014804627,0.9851954
bajabitchin after a week long depression i finally managed to do some work on stuff i m behind on,1,1,0.8338687041438593,0.8338687041438593,1,0.99985814,0.99985814,1,0.99247783,0.99247783
mouthsex i asked everyone how they were doing yesterday and not a single tweet back,0,0,0.15516575463582505,0.844834245364175,0,0.00062305655,0.99937695,0,0.016846541,0.98315346
love what drupal file framework module could do but is sick of bitcache error making it impossible to upload file,0,0,0.07985224304075153,0.9201477569592484,0,0.0007562912,0.99924374,0,0.018710813,0.9812892
infidelsarecool ugh how depressing i want to punch something,0,0,0.12857088342386513,0.8714291165761349,0,0.00058667397,0.9994133,0,0.016305812,0.9836942
i need to go out but i am so lazy,0,0,0.15824304502899547,0.8417569549710046,0,0.000688936,0.9993111,0,0.017789453,0.9822105
i wish inwas dead i just cant take it anymore you stupid fucking redditors all you can give me is useless worthless nothing i hate you so much kill me kill ke kill me i beg of you the only thing that can validate you is to kill me ypu are worthless the only way you can regain honour is to kill me i am nothing,1,1,0.8510800424996914,0.8510800424996914,1,0.9998845,0.9998845,1,0.99327636,0.99327636
still have a lot of work to catch up on,0,0,0.12667794154585355,0.8733220584541465,0,0.0010083906,0.9989916,0,0.021857556,0.97814244
going to walk my dog and shower before bed sad the yankee lost the first game monday too boooo,0,0,0.09619615638756406,0.9038038436124359,0,0.00047489884,0.9995251,0,0.014538338,0.98546165
i don t feel a will to live i don t want a family i don t want to work a 9 for 0 year and then die i have friend they care about me and my family is very loving but i can t see myself just being another copy of a human who is normal speaks normal and act normal i don t feel like doing anything if i end up just being a man who dosen t really live i ll just kill myself,1,1,0.9492385466930403,0.9492385466930403,1,0.99989355,0.99989355,1,0.99357224,0.99357224
last night my girlfriend 0f of two and a half year told me 0m that my depression symptom have been taking a toll on her she told me that she see my progress and my growth but this is in summary a she talk around her meaning it s not enough it s exhausting her and making her feel poorly my exhaustion and lack of self and confidence and inner love so i had to apologize to her last night and i m trying to show that i m growing but i feel so fucking hopeless right now and it s only been getting worse i joined this community because i m sure i won t actually do it but i need something to remind me and something to feel le alone because holy fuck am i alone i feel devoid of love and worth and i m struggling to find way to place it on myself i can t validate it if it s for me and i can only form a half life of happiness if i use someone else a the foundation so that s superficial i m really trying to keep going but it s so hard it s exhausting i just want to sleep all the time there s so much more in regard to our relationship i ve been trying to support her and make amends for who i wa when we first met i brought my trauma into it and lashed out at her in way of gaslighting infidelity and emotional neglect she didn t have any trigger for me to lash out at her i just thought she wanted to use me for self satisfaction but i m told that s love now i m confused there are two side of my mind one an optimist and a lover the other a cynic and a narcissist i want to purge my brain of these thing i m sorry this is so scattered i ll try to speak more coherently later brain no work,1,1,0.983404593914752,0.983404593914752,1,0.9999058,0.9999058,1,0.99399006,0.99399006
i just need help man im quite a confident intelligent guy id say good looking and everything but the past year my anxiety is eating me alive might think what i say is weird but good luck i can do stuff but everything i do my body responds with anxiety i feel confident then my body stop me from being happy it like i need to be stressed all the time especially when im not alone anxiety make me tense up sweat panic oily face i feel dirty even thought i keep a real good hygiene just like that from just simply waiting in line at the store or just waiting in front of someone doing something during car ride i just instantly become awkward a duck i talk and everything cool but my body just feel tense a duck and it drain all my energy my face becomes oily because im stressing about my face becoming oily and im gon na panic and look sweaty i look and feel really uncomfortable just from being in front of someone for a minute on the sidewalk i feel like everyone looking at me how annoying i am and disgusting and i think i stand out from a normal person it just horrible people said im overthinking it and others dont really notice anything but i think they do idk im so lost,1,1,0.9898016642320822,0.9898016642320822,1,0.99990416,0.99990416,1,0.99393094,0.99393094
i m trying to fine friend on twitter no luck so far,0,0,0.14873194087260438,0.8512680591273956,0,0.0008067914,0.9991932,0,0.019376628,0.98062336
anybody 0 year old and up in south florida that want to talk,1,0,0.4727282675208932,0.5272717324791067,0,0.0008580543,0.99914193,0,0.020032788,0.97996724
i hate myself i am the reason i m sad i have no excuse some day i m so happy and blissful but then there are a lot of day most of them where the only thing in my mind is killing myself in multiple way i overthink i plan to perfection i have ish plan to kill myself without my family cleaning anything up i already have an unofficial will written for when i do kill myself i don t want my family to struggle to pick up the piece of why i killed myself so there s always a note then i just do something where no one can find my body i m sad for no reason there is no porpoise to existing i want to help people but i fail to do so all the damn time i joke about killing myself but those joke are getting more specific and i m pretty sure people are catching on that i actually wan na kill myself i actually tried but thankfully failed i didn t have a rope or gun so i started choking myself to do the job i really wan na but i just can t please help me,1,1,0.9361600680159513,0.9361600680159513,1,0.9999031,0.9999031,1,0.9938951,0.9938951
missing vemsteroo unwell still so having phoned the office am going back to bed it seems empty this morning sigh,0,0,0.06918809659605091,0.930811903403949,0,0.0005339335,0.99946606,0,0.015493397,0.9845066
seasonal depression suck,1,1,0.873443529870169,0.873443529870169,1,0.99986374,0.99986374,1,0.9926416,0.9926416
is feeling weird today happy and sad at the same time and missing my people from italy ilyyy lt,0,0,0.17296506172598847,0.8270349382740115,0,0.00054715376,0.9994528,0,0.015700428,0.9842996
i m not sure if i have anxiety or adhd or im just introverted and procrastinating lol i started biting my nail since i wa a kid i tried hard to get rid of this habit but it not something i can control i put on nail polish usually but once it fall ill start biting them or fixing them with nail clipper a little bit of unsmoothness on my nail will bother me a lot and ill just sit there and keep fixing it for hour straight instead of doing any work literally every 0 min i would find somewhere bothering me on my nail i also overthink a lot it might be influenced by my mom who kept telling me that others might think negatively about me bc of any barely noticeable detail about what i do how i look so now i will just replay some scenario in my head hundred of time feel bad about myself and had to take deep breath say to myself it ok out loud or make some sudden noise to make my mind jump out of that vicious loop recently i feel that my attention span is getting even shorter i will sit down for work and get distracted after min and start watching youtube video for hour i notice myself doing that and i would think maybe i should go back to work but the other part of my mind is like numb and fail to take any action to the point that im only able to focus for a long time under pressure like a day before meeting or exam idk if it is just bad work ethic procrastination introversion or i should get a check up for anxiety adhd like i heard other ppl relate to me on point amp so idk if it just some common problem that i can just work it out either way can anyone give me any advice on whether to get a diagnosis or smth i could do on my own to mitigate these behavior thanks,1,1,0.9658047451486662,0.9658047451486662,1,0.9999064,0.9999064,1,0.994011,0.994011
ellievolia if oooonly we were really so lucky eh and awh definitely too early for work,0,0,0.07837011663183105,0.921629883368169,0,0.0004890496,0.99951094,0,0.014772077,0.98522794
my biggest emotion is anxiety i can t deal with it anymore i tried gettibg help even medicine for it but no help the pit in my stomach every single day constantly restless can t sleep well or eat well can t function at time if i didn t die from heart issue due to constant anxiety and stress i will end up killing myself just to feel some peace,1,1,0.9677708431572057,0.9677708431572057,1,0.99990165,0.99990165,1,0.9938446,0.9938446
retour de la d pression et de id e qui vont avec mais je d couvre aujourd hui an apr s sa sortie qu il existe un morceau de massive attack avec damon albarn et il est videmment magnifique alors a va pa si mal http t co jjgymx ood,1,1,0.8450527168000858,0.8450527168000858,1,0.99984443,0.99984443,1,0.9920901,0.9920901
i think my tweetdeck is failing me,0,0,0.14566270824588476,0.8543372917541152,0,0.0006629011,0.9993371,0,0.017422084,0.9825779
argh driving into london today made a wrong turn at king x stuck in an extra 0 minute of logjam traffic,0,0,0.09244313460359034,0.9075568653964097,0,0.000480134,0.9995199,0,0.014625184,0.9853748
i just want someone to give me a reason not to go down this spiral and no one will everyone ha their own life and he s going to leave me soon i know it he s tired of the cry and self harm if he leaf me i ll just be alone and i ll have nothing left to live for,1,1,0.943234967268312,0.943234967268312,1,0.999895,0.999895,1,0.9936202,0.9936202
mstyrac lol yea i thought about tht sowey but thnx i have some rod one sitting around quot orange my fav color just didn t kno how use,0,0,0.10433586456114562,0.8956641354388544,0,0.00052943197,0.9994706,0,0.015422365,0.98457766
i lost a coworker to suicide i wa the last person he talked to at work i wonder if that ha made me think about ending it after what happened a i explained in my post about me be bisexual the leap to this mind set did not seem a far any comment would be good it http good it feel so scary bein g in this mindest,1,1,0.6405847173567663,0.6405847173567663,1,0.9999007,0.9999007,1,0.99381,0.99381
jess t haha i know eh but i m thinking about vet science at sydney uni cept that the guy wasn t there last night he wa in hostpital,0,0,0.12213727409833292,0.8778627259016671,0,0.00048138213,0.99951863,0,0.014645821,0.9853542
i m 0 and have never even been on a date with a girl before everything ha just gone wrong growing up there were so many time where thing almost changed almost got in a group of people i wanted to be with almost would no longer have been alone but every time something at the last second happens and i lose it forever sometimes my fault but usually not i ve stopped getting my hope up for anything i know it will always just never work out it s like i m destined to just always be like this i had a few friend in high school no one i could ever connect with though i didn t care though maybe i could meet new people through them but for some reason anytime anything interesting would happen with them it wa when i wa gone anytime i am with them same usual boring shit i m not there something crazy happens i started going to college recently i really wa hoping doing this i would meet people make friend but even doing thing like going to event and regularly attending class just nothing i love talking to and meeting people but i just never get placed in the right place at the right time and the moment i get close i fuck up again or something else happens i downloaded some dating apps just to try to meet people i know i wouldn t have much success a a short medium attractive guy i would maybe get a match a week if i wa lucky and we d send a couple message but nothing more last week i finally got someone s contact info and we set up plan to go on a date i wasn t particularly interested in this girl but wa just exited to finally go on a date i had a class for the time we planned but that didn t matter i can miss it thing were finally going well and then last night i suddenly remembered nothing is ever supposed to go well i always get so close so this morning i check my phone she had blocked me i didn t even feel anything it s just how everything go for me i thought i m not angry at her or anything she probably just decided last minute she didn t want to go i m tired i m done trying i m killing myself next week maybe if i keep putting myself out there i ll actually meet someone but it s an endless cycle my depression make it so hard to do that which just cause me to get more depressed what is supposed to break this cycle i ve tried medication no effect therapy i ve tried may therapist and they ve all told me the same bull shit i ve already heard i don t really want to die it would be nice for thing to work out for once but with the cycle i m in nothing will ever change and i don t see a way of breaking it if thing will just be like this forever why bother continuing sorry for this absolute wall of text if you actually read this cool i guess i just needed to write all my thought out gon na go to sleep now bye tl dr god fucking hate me,1,1,0.9978970680824302,0.9978970680824302,1,0.99990356,0.99990356,1,0.9939109,0.9939109
goodbye jive test server so very sorry to have to shut you down,0,0,0.13180360592729687,0.8681963940727031,0,0.00053829694,0.9994617,0,0.015561989,0.984438
homework homework homework,0,0,0.06085208529310903,0.939147914706891,0,0.0009402735,0.99905974,0,0.021047862,0.9789521
my gf might be pregnant we haven t done it for month now she told me with all honesty that she and her boy best friend did it last month she only did it because she wa drunk and had a fight with her parent i had no idea about that until now she s delayed week i feel like my chest is getting crushed by what she had done i can t cry but damn it hurt so bad i don t know what to do i admire her honesty but the pain is still here in my heart she doesn t want to break up with me either she said she s sorry i love her i really do,1,1,0.7439653142377307,0.7439653142377307,1,0.9999006,0.9999006,1,0.99380845,0.99380845
i taled pill but god decided that i shoudl stay i used to be grateful but i think he wanted me here just to burn my molester in facebook now after loosing my job and being a penniless looser with a lot of debt again i can t stop to remind all my recent mistake and wish i had died maybe if i burn the asshole before and maybe if i swalloed more pill or more alcohol i m so furious at myself right now,1,1,0.5037981028722546,0.5037981028722546,1,0.9998989,0.9998989,1,0.99375004,0.99375004
all ready to go to the premier and just realized how under dressed i am,0,0,0.14057910906559787,0.8594208909344021,0,0.0010666044,0.9989334,0,0.02252931,0.9774707
lovebscott absolutely not,0,0,0.21094173928696122,0.7890582607130388,0,0.000706232,0.99929374,0,0.018029924,0.9819701
we all know im too much of a pussy to kill myself but fucking hell i want to i want to jump off the bridge near my home being killed by someone would be even better sometimes i imagine myself sending people my goodbye message and killing myself out in the wood there s a tree i stare at every single time i pas it with a perfect horizontal branch this fucking close to buying a noose and just doing it and the worst part is if anyone who knew me irl read this they d think i m joking and that it s stupid but there is nothing i want more than death right now,1,1,0.9477705452173415,0.9477705452173415,1,0.99989533,0.99989533,1,0.993632,0.993632
youbaviandecru aaaaah oui d accord je me demandais pour combien de temp je partais en d pression merci toi,1,1,0.6513319037055931,0.6513319037055931,1,0.9987961,0.9987961,1,0.9759518,0.9759518
kremsersenf away from tubingen and the germ yes away from friend not so much,0,0,0.21253754749454504,0.787462452505455,0,0.00048772042,0.99951226,0,0.01475026,0.98524976
triplejsr the new eminem single quot we made you quot it s got zero play on aftermath s myspace i wan na hear it soo bad,0,0,0.05477046360507105,0.9452295363949289,0,0.00081180723,0.9991882,0,0.01944167,0.98055834
wtf not kutner oh i m so pissed house i mean really wtf,0,0,0.1545267099149613,0.8454732900850387,0,0.0005557513,0.99944425,0,0.015833816,0.9841662
vacation make me feel sick,0,0,0.23502208357950172,0.7649779164204983,0,0.0006531715,0.99934685,0,0.01728307,0.9827169
and i m running out of time to decide i couldn t give a shit le about my major about internship about anything i don t know how to fix myself and i can t bring myself to try anything anymore if i manage to survive past the next few year which seems to be getting exponentially difficult i m going to have fucked over my career or myself now i have no good option,1,1,0.8488240967335061,0.8488240967335061,1,0.999899,0.999899,1,0.99375486,0.99375486
laying in bed bored decided to open some of my old playlist on spotify started to listen to some song that my ex sent me the one we used to listen together all night i haven t listened to these song or any song of the one i used to love since we broke up i don t know what made me dig up this pain also there s a playlist she made specially for me but i don t dare to open it it s like i just opened the pandora s box of sadness and depression,1,1,0.5731999000307294,0.5731999000307294,1,0.9999012,0.9999012,1,0.9938269,0.9938269
my life ha gone way downhill first my best friend leaf without any kind of goodbye then my mother tell me that she doesn t love me after that my ex broke up with me then last sunday she told me not to talk to her again i can t take any of this shit for much longer i really just wished that it wa summer already then i could just kill myself and everyone would forget about me i would do it now if i could but i just think that it might be too close to my breakup and that maybe my ex would think it wa her fault when it isn t i don t really know what else to say my school ha this experience week thing where for a week we just have fun help out our community and don t have to worry about school everyone else in my grade is having fun laughing smiling and shit like that and i m just not i don t see how everyone else can find a way to be happy i see my friend laughing and having fun then they come over to hang out with me and i m just sad i honestly can t wait for the summer then i can fucking kill myself and not have to cry every night to sleep i don t know what help i might want or need but maybe some encouraging word or something might help but anything really would help,1,1,0.9855977891072131,0.9855977891072131,1,0.9999043,0.9999043,1,0.993934,0.993934
penelopek that mini depression that hit you a week before your period woman go thru alot pls,1,1,0.7738997266424752,0.7738997266424752,1,0.99982375,0.99982375,1,0.99152786,0.99152786
is tooooooooo cold,0,0,0.04106736902325903,0.958932630976741,0,0.00055762276,0.9994424,0,0.015862726,0.9841373
my parent split when i wa i lived with my dad and my sister moved with my mom my father wa a super alcoholic and abusive he used to whip me with cordage punch me while i wa naked because i wa taking a shower to long and basically hit me when ever he wa in the mood when i wa the neighbor kid who wa older than me molested me and i told my dad about it he asked me if i wa some kind of homosexual slang word and did nothing about it he used to wash my clothes and hang dry them above trash and i wa very limited on the amount of time i wa allowed to bathe because of this i got picked on for being the dirty kid fast forward a few year i became the bully a i wa psychically stronger than kid my age i also started stealing food and laundry detergent from the gas station i would put my clothes in trash bag and bike them to the laundry mat when i wa i got a girl pregnant i also started hanging out with people older than me i got into fight alot and started robbing place to eat i got caught and did time in juvenile hall afterwards i wa court ordered to move in with my mom she knew nothing about what wa going on at my dad s house the whole time i felt like if i said anything i would be forced to move and that made me feel guilty because i wa all my dad had left at i wa diagnosed with a nasty skin disorder called hidradenitis suppurativa basically i get boil in my armpit and on my butt there is no cure and surgery usually doesn t work it just come right back this made me skidish when it came to dating and i wa also dealing with my molestation the whole time throughout my whole teenage year i thought i wa gay because of what happened a a child when i wa i met a i fell head over heel for her and vice versa about year in i became extremely possessive gave her zero space and never did anything fun with her we broke up i could see she wasn t happy and asked her one day if she needed to leave and she said yes it wa over throught my late 0 i would check in on her to make sure she wa ok she would get in a relationship but then break up and we would start chatting again this happened time but i never fully pursued her i could tell we had unfinished business and that she had the same feeling for me a i did for her i knew she could get better so i let her go it ha now been year and i haven t dated serious since i have relived our break up 000s of time i will dream of her and wake up and it start all over again that mixed in with my past my skin disorder my job that i hate even though it s good money my addiction my dying mother ha me to the point where i don t want to live i ve also recently learned that my dad s house burnt down and he ha been homeless living out of his car for the past few year i don t know how to react to that for year now i have told myself that when my mother go i m going to kill myself i ve decided to wait until she go because she ha been through a lot a well and i want her to not be alone when she doe my dad wasn t good to her then wa abused by step father he died and all while dealing with severe kidney problem and vitamin deficiency i don t really have a relationship with my daughter i wa a bad father a a teenager i ve tried to do better but i don t think she would ever forgive me for not being there my mom s health is steadily declining so my time is approaching i ve recently bought a gun and now it s all up to my mom to those of you who made it this far i m sorry this post is so long i needed somewhere to vent because a lot of this stuff i have never told anyone thanks for reading,1,1,0.9898901563906223,0.9898901563906223,1,0.99990475,0.99990475,1,0.99395186,0.99395186
i miss those day where we used to play till we saw the sun go down now life s just stress stress stress with a huge dollop of depression,1,1,0.6998819125931971,0.6998819125931971,1,0.9998863,0.9998863,1,0.9933339,0.9933339
poohpot lmao im sorry poohpot i ate it all,0,0,0.1203613146700747,0.8796386853299253,0,0.0005018433,0.9994981,0,0.014980709,0.98501927
one of my friend called me and asked to meet with her at mid valley today but i ve no time sigh,0,0,0.21555756043653493,0.784442439563465,0,0.0006232935,0.9993767,0,0.016850015,0.98315
i still feel toss though i wa better yesterday but actually realised im not when i woke up at am feeling sick,0,0,0.32481657408582426,0.6751834259141758,0,0.0011078038,0.9988922,0,0.022994323,0.97700566
ha a cold from playing outside yesterday,0,0,0.07079136780611513,0.9292086321938848,0,0.0005286913,0.9994713,0,0.015410647,0.98458934
i am not wanting to go to school tomorrow,0,0,0.12326769648696273,0.8767323035130372,0,0.0018288837,0.9981711,0,0.030101702,0.9698983
my stress always culminates with physical pain,0,1,0.5282328273189215,0.5282328273189215,1,0.99961555,0.99961555,1,0.9870396,0.9870396
i try to play video game but just quit immediately and the same thing happens with my guitar i just can t do either one,1,0,0.24561562053354574,0.7543843794664542,0,0.41068903,0.589311,0,0.4504183,0.5495817
feeling ill and sorry for myself,0,0,0.11584831715909373,0.8841516828409063,0,0.035025652,0.96497434,0,0.13857536,0.8614246
i ve been diagnosed with major depressive disorder about two year ago and wa put on medication felt better and the med were tapered off i however feel it returning and most day seem like shit i can wake up and do normal work like i do however there s a constant feeling of sadness that s overwhelming and i worry about a lot of thing around me i worry that i wa a horrid person to my parent and the people around me doe it ever go away i don t want to be dependent on medication for the rest of my life,1,1,0.9746742171604938,0.9746742171604938,1,0.99990153,0.99990153,1,0.9938413,0.9938413
i m really starting to believe my life will not get better i ve been so sad for so long i don t see a fkin point sorry for the rant just really over life and fkin shit people,1,1,0.7805627747139953,0.7805627747139953,1,0.99980444,0.99980444,1,0.9910335,0.9910335
someone somewhere didn t like sheepish http www smartestgames com gotdhistory php id,0,0,0.1746046576422259,0.8253953423577741,0,0.00081442646,0.99918556,0,0.01947557,0.9805244
is in pain after having her brace tightened,0,0,0.28563776111582195,0.714362238884178,0,0.0010101319,0.9989899,0,0.021877915,0.9781221
please kill me i m so fucking done with this life i m just a burden and everyone around me would be much happier if i didn t exist i d be doing everyone a favor if i just killed myself,1,1,0.8230029981707346,0.8230029981707346,1,0.9998745,0.9998745,1,0.9929656,0.9929656
aaroncikaya fcuk off playing the depression card he can t handle the english premier league and the micky mouse french league will suit his lazy style of play fcuk off to psg you premier leage flop you re a lazy sack of shite,1,0,0.40085939922386876,0.5991406007761313,1,0.9998884,0.9998884,1,0.99340457,0.99340457
bkgirlfriday dude it snowed here today cant imagine the weather in hawaii right now,0,0,0.08445437874211897,0.915545621257881,0,0.00046143492,0.99953854,0,0.014312927,0.9856871
mizzzidc any small thing una go tag am mental health depression and trauma so it s co of sneaker your mental health suddenly got affected get your own apartment if you want privacy si,1,1,0.9384290095255442,0.9384290095255442,1,0.99989533,0.99989533,1,0.9936326,0.9936326
i am not sure if this is the right place for it but last friday one of my classmate told me jokingly to jump out of a window she ha been doing that joke for over a month i ve had it up to here so i said i d blow my head off on the weekend i tried to hurt myself and went to the emergency room on monday they prescribed me some lexapro and i went home relieved that i finally got some help half an hour after i returned home cop stormed my apartment saying they received a hint from the school that i wa gon na hurt myself and they searched my whole apartment for a gun which i don t have so they obv didn t find one and restrained me they then took me to the same hospital i wa at just half an hour ago and i spoke to the psychiatrist there again who told the police i am not a threat to myself or someone else so they let me go again during that they took my phone and it ran out of battery and i didn t have access to it for like hour or more during that time two of my classmate messaged me asking why i blocked them and they attacked me not knowing my phone ran out of battery and that s why i didn t answer they then blocked me and i explained to them on instagram what happened and they read it but didn t care apparently my classmate apparently told our headmaster they were worried and then he called the police i am getting the proper help from all of my teacher and my headmaster and i have an appointment with our school psychiatrist soon it s just that this whole police incident ha left me panicking and cry when i see a police officer car and everytime someone with heavy boot walk on my apartment floor i sit up thinking the police will come back again i also can t sleep properly and can t distract myself because i keep having horrible flashback of the scene when the police stormed in which leaf me breaking down it left me broken traumatized overwhelmed and desperate because i don t know what to do on top of that my classmate all blocked me are ignoring me and not even looking at me talking about being worried and not even one person asked me if i wa alright or how i wa doing i am considering going back to the emergency room and talking to the same psychiatrist from before but it s not really an emergency you know sorry if this text is long i am just overwhelmed and don t know what to do anymore all i know is i am traumatized a fuck and broken what should i do someone please assure me that everything is gon na be okay because at this point all my hope ha left me,1,1,0.8599370579035394,0.8599370579035394,1,0.9999027,0.9999027,1,0.993881,0.993881
beccaacyrusx chyeahhhh my shoulder back and leg all hurt atm,0,0,0.1324439719663129,0.8675560280336871,0,0.0006215166,0.9993785,0,0.016823968,0.98317605
why am i still alive i havent done anything with my life other than eat and leech of my parent and im already why am i still here,1,1,0.6911633547607579,0.6911633547607579,1,0.9691803,0.9691803,1,0.86989814,0.86989814
i don t deserve to be alive i m a complete and total fuck up that deserves to die i just overdosed on my clonazepam so here s hoping that it kill me,1,1,0.6720868792187381,0.6720868792187381,1,0.9998373,0.9998373,1,0.9918928,0.9918928
natazzz hurt and sad,0,0,0.045692472937864395,0.9543075270621356,0,0.0006561761,0.9993438,0,0.017326105,0.9826739
is in study hall now and i will log off immediately http plurk com p mzxbg,0,0,0.07618376242358536,0.9238162375764146,0,0.0006102889,0.9993897,0,0.016658517,0.98334146
adamcurry can i get download version of the dvorak interlude since streaming is banned at work,0,0,0.13313303778411895,0.8668669622158811,0,0.0005177307,0.9994823,0,0.015236381,0.9847636
i am 0 year old and genderfluid they she he and every day i am alive i have no clue what is going on my depression is mostly caused by my other disorder asd adhd and ocd and i ve had it since junior high often i feel so hopeless because those disorder all have their own comorbidities that mess with me on the day to day i struggle with writing spelling understanding verbal word social cue my own emotion if my thinking or the disorder and more there is just so much happening all the time at a nightmare level of complexity it exhaust me and paint the world dull i feel like i am always on the verge of imploding and exploding at the same time people get mad at me for thing i didn t know and expect so much from me when right now this is all i got my goal is to move far away onto a hill in the middle of nowhere it seems like the more the world asks of me the le i do instead of a big moment breakdown it little one like a car sputtering to a stop this all being said i know that my life will keep moving forward and thing will change but right now it s just so hard to believe that a if the world wa against me since day one ya know thank you for listening if anyone can offer advice on dealing with this i would v much appreciate it,1,1,0.990049564592966,0.990049564592966,1,0.9999069,0.9999069,1,0.994028,0.994028
my project is going down the drain legal issue seem to have dealt a fatal blow,0,0,0.17072523906349915,0.8292747609365009,0,0.000989947,0.99901,0,0.021640936,0.97835904
wishing she hadnt drunk so mush yestaday,0,0,0.08261800585016708,0.9173819941498329,0,0.0006015567,0.99939847,0,0.016528845,0.98347116
happy international day against depression yeah today is my birthday too lol,1,0,0.465175139592999,0.534824860407001,1,0.9998511,0.9998511,1,0.9922748,0.9922748
i am and i graduate in a couple of week i feel no where ready to graduate and i still feel like i m 9 i started applying for job but i do not have a full time offer yet it s so awful scrolling through linkedin seeing people posting that they accepted a full time job i m no where near there i m also a first generation student so there s that another one of my anxiety besides graduating from college is that my parent are moving to south florida i hate florida i hate the weather there and i love how it is up here in the northeast unfortunately i do not have the finance to move out even with roommate it would not work out i feel like i m going to be absolutely miserable in florida i hate the vibe there in fort lauderdale and florida to me is a place to visit not to live long term the idea of moving is so anxiety inducing and it just suck it also suck dealing with social anxiety which is preventing me from doing so much i hate it,1,1,0.9263571048663558,0.9263571048663558,1,0.99990714,0.99990714,1,0.9940346,0.9940346
spitorswallow wish i could but the season don t change day of the year,0,0,0.2505387023953978,0.7494612976046022,0,0.0004838285,0.9995162,0,0.014686208,0.9853138
shankiaustine depression,1,1,0.9999918081778081,0.9999918081778081,1,0.9998393,0.9998393,1,0.9919464,0.9919464
my last post goodbye,1,0,0.23936542597001675,0.7606345740299832,0,0.0007306446,0.99926937,0,0.018364705,0.9816353
i m bleeding i shaved my leg and now i m bleeding haha i m a loser xp,0,0,0.0833488875818153,0.9166511124181846,0,0.00067804666,0.99932194,0,0.017636595,0.9823634
binncheol you should listen to some music by this dude called andy hull and afew other bloke i even hear they re playing ldn tomorrow,0,0,0.19995503969479986,0.8000449603052001,0,0.00050662673,0.99949336,0,0.01505808,0.9849419
hello tuesday hope your better than i think won t tweet for a few hour later,0,0,0.0998664510699777,0.9001335489300223,0,0.0006072712,0.99939275,0,0.016613802,0.9833862
ha a headache it wont go away and i dont want to od on panadol lol seriously though it hurt,0,0,0.12207797475890869,0.8779220252410913,0,0.000548565,0.99945146,0,0.015722396,0.9842776
theekween heart break trauma anxiety depression pain of losing a loved one when u have witnessed something traumatic thelmasherbs,1,1,0.9295359220005907,0.9295359220005907,1,0.9998846,0.9998846,1,0.99328136,0.99328136
i just feel like i ll have depression forever nothing really work at least not for long i m just too tired i don t want to try so hard all the time anymore i don t want to get better i give up,1,1,0.9928149422194333,0.9928149422194333,1,0.9998926,0.9998926,1,0.99354184,0.99354184
i spent a lot of today thinking about killing myself i made joke about it my friend laughed because i do it all the time but today i really did think about it i miss my ex i want to be happy again but i haven t been able to move past them and i m afraid that i never will if i can t be happy why should i even stay here,1,1,0.5936730061013102,0.5936730061013102,1,0.9998832,0.9998832,1,0.99323773,0.99323773
living not downtown sure isn t much fun,0,0,0.4241972476513305,0.5758027523486695,0,0.0006229155,0.9993771,0,0.01684448,0.98315555
i m a girl on the autism spectrum about to leave my school graduation year but dammit my school a school meant to help autistic youth mind you ha been going down the drain over the past few year and it ha gotten extremely worried about how i m going to work in the future if i can even get a job at all,1,1,0.5528024766243333,0.5528024766243333,1,0.9998597,0.9998597,1,0.9925241,0.9925241
fakerpattypattz oh dear were you drinking out of the forgotten table drink,0,0,0.10877898048382627,0.8912210195161737,0,0.0005659199,0.99943405,0,0.015990356,0.9840096
add as ptsd and general anxiety ive been on medication for my add a long a i can remember but after a let call it a mental breakdown i had a few week ago and spend the week after on xanax i am finally on anti depressant after saying no for over year they re supposed to help with my anxiety after a trauma i recently went through and it s helping my anxiety yes but it s scary af cause it a if i m on a tiny bit of party drug and everything seems fine even when i notice it isn t when there is an issue or a problem i used to see 9 bad thing happen all at once and felt the need to prepare myself for all of those 9 but now i can sort of calmy ass the issue and find a solution without the 9 possible scenario taking over my emotion and cognitive skill neurologically speaking i fully understand what the drug are doing to my brain scary and anxiety like thought get filtered now but who decides what to actually filter what if i m driving again and i see someone walking in front of my car and it s filtered not a danger very black and white question idk how else to make it clear anyway i wrote a poem about it hope there s someone out there understanding my question cause my therapist definitely doesn t and my shrink is on holiday it s weird not noticing what s changing in my brain but to know something is probably for the better but what if i don t like this person this new brain and way of thinking so many what ifs still even on this tiny pill that s changing me into something someone i m scared of even meeting but can never run from,1,1,0.9912074049028033,0.9912074049028033,1,0.9999062,0.9999062,1,0.99400204,0.99400204
is at work thinking how much graveyard shift sux,0,0,0.16639665606232137,0.8336033439376787,0,0.00045416955,0.9995458,0,0.014190018,0.98581
in a queue for a ticket at phantasialand look busy school holiday ftl silver mine and winjas fear are closed too,0,0,0.07749970251845958,0.9225002974815404,0,0.0004660926,0.9995339,0,0.014391248,0.98560876
anyone else feel this or is it just me,1,1,0.8716015164252492,0.8716015164252492,1,0.997879,0.997879,1,0.96741575,0.96741575
im just a burden to her and everyone the world would be so much better if i just disappeared she s always on my back about everything i can never do anything right i can never please her she s always so upset at me she s always so mad tonight before she went to sleep she didnt even tell me that she loved me it okay i dont blame her i wouldnt love me either im nothing im pathetic im a waste of space energy and time in the grand scheme of thing there nothing about me that matter im stupid im incompetent im irresponsible and im mean im just a bad person and bad people dont deserve to be happy i will never make my mom proud i will always be insufficient she will always be finding new way for me to screw up when i die she will be so much happier without me everyone will be happier,1,1,0.9054331978087636,0.9054331978087636,1,0.99990106,0.99990106,1,0.99382424,0.99382424
ha a huge headache,0,0,0.09312189871103611,0.9068781012889638,0,0.00064325717,0.99935675,0,0.017140418,0.9828596
i m so tired of existing i have to believe the lie people tell me if i want to be happier in this world that it s not all falling apart that trying hard will get me anything will reward me that people love me it s so much nonsense the only people in my life can t fucking stand me everyone else is at best mildly interested in me from afar and once they get to know me they want nothing more to do with me i m fucking useless and worthless and anyone who s ever told me otherwise want me to suffer what do they see in me i have achieved nothing i am nothing nothing but a corpse too stubborn to start rotting but fully entirely dead,1,1,0.9770961644070699,0.9770961644070699,1,0.99989915,0.99989915,1,0.9937582,0.9937582
caught myself looking up the iphone promised i wouldn t torcher myself a i still have month left on my current contract,0,0,0.17638814343656925,0.8236118565634307,0,0.001361726,0.9986383,0,0.025695944,0.9743041
erre sc aaw i miss ya all too im leaving to bh tomorrow quot morning quot i think aww i wan na go to the beach w u girl,0,0,0.030057574319644655,0.9699424256803554,0,0.00054453086,0.99945545,0,0.015659546,0.9843404
this view of depression is disturbingly common despite all the work mental health activist have put into fighting the stigmatization of mental illness negative and ignorant perception of the disorder remain prevalent,1,1,0.8474295610175995,0.8474295610175995,1,0.9998894,0.9998894,1,0.99343467,0.99343467
i don t remember the last time i wa really able to open up to someone every time i do it seems like i just make them uncomfortable or i get ignored so i ve just stopped i can t even open up to my therapist like i want to and it seems like she want nothing to do with me anymore i ve ghosted almost all of my friend at this point which i don t regret they constantly left me out of thing stood me up and were in general kind of shit friend i want to connect to other people but there s something wrong with me and i can t figure out what,1,1,0.9754928591942972,0.9754928591942972,1,0.99989927,0.99989927,1,0.9937636,0.9937636
my brain just doesn t work i almost feel retarded with this costant foggy brain feeling that i have my head is completely foggy i can t even do simple task properly such a making the bed drive ecc i need to read a sentence multiple time before getting it now everytime i try to do these thing my brain just can t concentrate on the step to do them and i end up feeling even more depressed how is this possible my executive function is fully impaired at this point i ve been dealing with this shit since two year at least and i m just a shadow of what i used to be,1,1,0.8314556250101273,0.8314556250101273,1,0.9999007,0.9999007,1,0.9938122,0.9938122
is just loving the fact that it is 0 in the a m and my lil daughter will not go back to sleep,0,0,0.12232689161343206,0.877673108386568,0,0.00062973733,0.9993703,0,0.01694422,0.9830558
try to use skimmer by fallon for the first time like the overwiev and style would be cool ig you could browse the photo,0,0,0.37316774203103864,0.6268322579689614,0,0.00066099,0.999339,0,0.017394856,0.98260516
after month of doin good i fucked up my depression hit hard and i isolated myself from everyone i stopped talking to my best friend which made her upset and now she want nothing to do with me she wa the last friend i had if i could tell her anything it s i m sorry i should ve been better friend tonight i m not smoking or drinking because i believe we can always get back on our foot someday,1,1,0.9362204464519606,0.9362204464519606,1,0.9999026,0.9999026,1,0.99387854,0.99387854
jansmells maybe you should stop being so lazy,0,0,0.35067758400767857,0.6493224159923214,0,0.0006571584,0.99934286,0,0.017340148,0.9826599
weird feeling hi all i m on my th day is buspirone and i m doing really well though when i go to bed it s tough to sleep with this medicine when i fall asleep i m okay but trying too it make me feel like i jolt internally or like when you go over a hill or a rollercoaster and your belly drop and it doe it a lot until i fall asleep i don t know how else to explain it and my doctor this morning didn t seem to concerned i hope it stop soon wondering if anyone can relate,1,1,0.7242054293976631,0.7242054293976631,1,0.9998989,0.9998989,1,0.9937509,0.9937509
i really hope i suceed,0,0,0.11688597473146423,0.8831140252685358,0,0.007987692,0.9920123,0,0.065565206,0.9344348
well that made me sad i sat down to watch tv and then remembered i dont have cable anymore lol,0,0,0.10174951869338605,0.8982504813066139,0,0.00063721306,0.99936277,0,0.017052948,0.98294705
adhd alien i truly despise that notion for exactly that reason i don t believe it bear any truth of course someone else can love you when you don t love yourself i have so much love for people close to me regardless of their depression and self loathing and vice versa,1,1,0.742400424717854,0.742400424717854,1,0.999894,0.999894,1,0.99358565,0.99358565
watching tv trying to sleep not working,0,0,0.06683773047526129,0.9331622695247387,0,0.00069385173,0.99930614,0,0.017858079,0.9821419
ha realised that this time it might actually be final,0,0,0.3350629534643841,0.6649370465356159,0,0.008731766,0.9912682,0,0.06866325,0.93133676
hello everyone i am currently on a trip for spring break college senior with friend and really struggling first a little background though i am now but have struggled with anxiety on and off my entire life it started with separation anxiety probably not being okay going to daycare or anything of the sort even with my older brother just because i couldn t stand being away from my parent i also would get hysterical if they left for a trip etc i also would be frantic and cry at the end of the school day in elementary school because i worried my parent wouldn t be there to pick me up a i got older this morphed into more health anxiety i also faint around needle so i have a big fear of fainting and then into panic disorder in high school diagnosed by my therapist i have seen a number of therapist off and on but never gone on any medication for anxiety my parent are super supportive of therapy but have always been more skeptical of med for mental health i also had a really hard time going to college even though it wa only an hour away because i got majorly homesick and struggled with adjustment disorder i eventually did adjust and now totally love my school but it took me a solid semester to overcome by homesickness fast forward to present i have noticed i get really nervous for trip that are somewhere unfamiliar to me and where i don t have one of my safe people with me my parent or my boyfriend i have amazing friend who are caring and supportive but for some reason they don t fall into my safe category like my parent or boyfriend do also just a sidenote but i had a generally happy childhood and have a great relationship with my parent for whatever relevance that may have i have huge anxiety leading up to trip and then also when i arrive and it tends to be crippling if i don t have a safe person there right now i am in mexico for day on spring break with three of my friend and i feel tremendously awful and sad like not necessarily panicky but just really deeply sad and like i want nothing more than to go home and hug my loved one i am trying to do more research and it seems like this could be a separation anxiety type issue in place where i feel comfortable hometown college town etc i am totally happy doing thing alone being independent of my safe people so it isn t an all the time thing but it is making travel really not fun for me and i honestly just want nothing more than to go home any advice would be great i am currently in therapy cbt general talk therapy mashup and will be bringing this up with my therapist but i would really love any and all suggestion for both tackling this immediately and trying to enjoy my trip and for way to think about this when i talk with my therapist i know this is a bit rambling so sorry and thank you,1,1,0.9952972026319165,0.9952972026319165,1,0.99990714,0.99990714,1,0.99403435,0.99403435
wondering where the sunshine went,0,0,0.2005546209535488,0.7994453790464512,0,0.0009191342,0.99908084,0,0.020790996,0.979209
you know kalau aku percaya semua benda kat internet aku probably ada anxiety adhd depression and some form of cancer,1,1,0.8814791415806716,0.8814791415806716,1,0.9998716,0.9998716,1,0.9928767,0.9928767
i woke up an hour ago now i m having a hard time going back to bed in lakewood ca http loopt u rywlhq,0,0,0.2961780242468057,0.7038219757531943,0,0.00052663544,0.9994734,0,0.015378086,0.98462194
mizzzidc you are spiralling me back into depression with your tweet http t co a9hjljkr p,1,1,0.8908172619914365,0.8908172619914365,1,0.9998605,0.9998605,1,0.9925472,0.9925472
david henrie i cant find it it say dtmafiaofficial doesnt exist there s jus dtmafia i found n u dun seem to b followin it wht to do,0,0,0.11977509956843917,0.8802249004315609,0,0.0008310846,0.99916893,0,0.019689944,0.9803101
why do both of my best friend have to be shitty simultaneously can u at least take turn hurting my feeling jerk going sleep,0,0,0.4406058587938911,0.559394141206109,0,0.20142137,0.7985786,0,0.3188666,0.6811334
for some reason i can t explain i know st peter won t call my name,0,0,0.31562772838433145,0.6843722716156686,0,0.0009666359,0.9990334,0,0.0213644,0.9786356
my nokia 0 died,0,0,0.1144070145467164,0.8855929854532836,0,0.00070709997,0.9992929,0,0.018041924,0.9819581
i feel like i m comfortable with death more because i m comfortable with the uncertainty that come with it do any of you ever experience death anxiety how do you think it impact you also lowkey in need of any advice to deal with this better,1,1,0.8585180725204106,0.8585180725204106,1,0.9998926,0.9998926,1,0.9935394,0.9935394
hello all i have anxiety pretty bad which i take lexapro for around the beginning this week i started urinating blood it happened time ever since then i have had to go constantly i made an appt that same day at my urologist and they did indeed confirm there wa moderate blood in my urine they requested i schedule a ct scan which i did at the beginning of april since thats all that wa available they also prescribed me an antibiotic which i have been taking a few day so until something take place i just have these crappy symptom in place until something happens i dont know if i have a uti something else or what i ve never had one before so i dont know what to expect even if i did i m really not in any pain besides the discomfort of having to go constantly accompanied by a dull achy feeling it worse at night when i m trying to sleep and laying in bed also tried azo and ha not helped either any idea how to deal with this and not lose my mind in doing so,1,1,0.9418322735709285,0.9418322735709285,1,0.99990606,0.99990606,1,0.99399865,0.99399865
i barely function and can t do basic thing due to how bad my anxiety is can get i berate and criticize myself for being such a pathetic worthless piece of shit i m almost live with my parent and have accomplished nothing i never passed the high school ged i have some minor learning difficulty but too embarrassed to get help i suffer from depression but i don t feel comfortable seeing a therapist and where i live there are few health care resource i don t own a driver license because being in and near car cause me to have panic attack i m terrified of being in a car accident or causing one so i have to avoid it and there isn t public transport near me but even if there wa i can t handle being around a crowd or in a small group in a limited space i m just a fucking wreck and feel so awkward and abnormal compared to most of the world i have no friend irl only a few online friend and haven t been completely honest with them and sometimes lie so they don t see how fucking pathetic i am i m ashamed of my existence and wish i wa never born i m just a burden the people around me don t understand and get frustrated with me i don t want to be this way but whenever i go out an inch from my comfort zone i have an anxiety attack,1,1,0.9937631369941834,0.9937631369941834,1,0.9999068,0.9999068,1,0.994023,0.994023
dog around my ankle a i ve had to lock them in the study with me away from the builder oh joy only another week of this,0,0,0.13262909729306366,0.8673709027069363,0,0.000519677,0.9994803,0,0.01526745,0.98473257
julius s malema nyaope boy are causing havoc in township breaking into house you can t protect the dealer our people are suffering and dying in depression come with solution to create job skill we are tired of your speech and poverty we don t eat speech http t co xiw wf jkx,1,1,0.730810678177684,0.730810678177684,1,0.99990153,0.99990153,1,0.9938408,0.9938408
this world is honestly a dark place filled with narcissistic people i hate everyone i really really do i hate the smile and laughter of others the only people i can care about are my family and other people i can empathize pain and just overall depression with people have honestly just dragged me down to a dip hole that i have dug myself along with them and honestly that hole is almost foot i can t stand almost anyone my mother and some of her family but most other people i just hate for no reason and i suppose it s the hate the world ha given me and also the way it just is now people so self invested in themselves that empathy is being fully replaced will narcissism i have almost nobody to talk to it stress my mom out i know it doe and i don t like to talk to other family because they tell my mom and it worry her and my few friend never take me or my mental health seriously i am a human but i have been treated like some type of animal or someone from another planet i have minor autism and am also a schizo not schizophrenic i am a schizo which are a little different so people think differently of me i also used to be such a happy and funny guy when i wa younger but a i got older people got meaner and i got more sad because i wa treated differently and had random people telling me they hate me or don t like me in school and some i didn t even know i admit i wa a little off the wall back then but it wa mental issue and people gave me more than i already had my hate for the world is strong so strong that i honestly believe i deserve better than this fucked up hateful intolerant world i just want peace paradise some type of better afterlife this world is going to end soon and we all deserve a bitter end so even if i don t kill myself at least i can see the world end and all of u get the chaos and destruction we deserve we have brought hate and destruction to our own home earth they say we are one big happy family but the reality of earth is that we are one big dysfunctional toxic family a family that kill each other and are each other s biggest enemy along with each other a family that ha lost it s moral a time go on a family that ha little love to give and more hate what have we done to the world and ourselves right is wrong and wrong is right my point of all of this is that is human are nothing but garbage on this earth we don t recycle some of u are treasure to some some of u are thrown out and forgotten about and some of u are littered and left to blow in the wind until we are picked up one day or are forgotten a well in the end i hate the world it is my biggest cause of depression and that s how i know my depression will never end because the world keep on going and when it doe end i end with it so the way i see it is my depression will go on a long a the world go on or until i m forgotten about like a piece of garbage or i m one of the piece of junk that is treasure to others lately i have been severely depressed more depressed than i have been in a long long long time and i just want some people to know that this world eats you alive and some of u have to accept being junk or treasure the world is a dark and hateful place and idk if i ll see a light one day or an even more dark place i wish you all the best in this dark lonely world a lot of u will never become treasure and will always be junk,1,1,0.9972152333709688,0.9972152333709688,1,0.99990416,0.99990416,1,0.9939324,0.9939324
every time i go home i would walk to the long bridge near the campus then wear my earphone so that i won t feel lonely a i walk through the bridge i d notice different soul some don t care others seem happy but few are just lonely a i am can they also see my soul so i d walk fast enough for them not to see mine i don t like going home because i would feel the loneliness more echoing through me however at the same time a i spend time outside i d feel how pitiful my life ha become seeing how others laugh and smile can they also feel the loneliness darkness brings every night maybe everything seems endless but i know i d be okay somehow someday i only need to wait a little bit more and be stronger so that this sadness wouldn t consume me faster than i d feel when my happiness come,1,1,0.8720726841577978,0.8720726841577978,1,0.9999039,0.9999039,1,0.99392337,0.99392337
if you have a computer which isn t doing much or a cpu core not doing much if you re technical get in touch i need processing power,0,0,0.1685620913191868,0.8314379086808132,0,0.009807316,0.9901927,0,0.07291152,0.9270885
helenthornber i dunno but i used to get fruitsalads and blackjack from the post office we never got applejack tho,0,0,0.20603133593527076,0.7939686640647292,0,0.00047971384,0.9995203,0,0.014618232,0.9853818
guy help i really need your opinion im a person who can overthink fromca simple thing just like now i feel bad for them my terrkr teach ask my friend and it take a minute so i decided to help but she got a wrong answer and i feel bad because i give a wrong answer do you think she hate me or mad at me gmfor giving a wrong answer because our terror teacher scold her but i dont know if she is mad at me but on our gc she just commenting on how she wa scared like that and i dont know if she mad st me,1,1,0.8568138622487113,0.8568138622487113,1,0.999892,0.999892,1,0.9935197,0.9935197
iamdepr 9 have you talked to anyone about how you feel mentalhealth depression,1,1,0.9743865722847771,0.9743865722847771,1,0.99986076,0.99986076,1,0.9925539,0.9925539
zainab 09 9 i believe she lost her battle to depression,1,1,0.9137916163615547,0.9137916163615547,1,0.99986184,0.99986184,1,0.99258596,0.99258596
spring break is over school amp work are monster that have taken over my life seriously,0,0,0.1811039990716073,0.8188960009283928,0,0.0004943447,0.99950564,0,0.014858727,0.9851413
d pression,1,1,0.7612903994797743,0.7612903994797743,1,0.9868913,0.9868913,1,0.91537386,0.91537386
mizzzidc honestly i think this wa too much for u to treat your mom this way co of sneaker imagine the depression she would feel too that her own daughter took her to social medium co of sneaker what if she had come on sm for the pain she went thru when she had your pregnancy,1,1,0.9630396158637333,0.9630396158637333,1,0.9998989,0.9998989,1,0.99375147,0.99375147
argh ive eaton so so much today,0,0,0.09952061106716688,0.9004793889328331,0,0.0005767142,0.99942327,0,0.016155094,0.9838449
i want to end it so badly now everything in my life is pain if it is not my own mind tearing me to piece it is how people treat me and people like me i can t take this life i have no real friend i am a stranger to my family i work so hard to eek out some sort of life but all i have is a dinky apartment that i don t leave very often because i can t afford to do anything i fucking hate my existence every day stupid shit happens that have greater consequence example i wa getting in bed and my knee bumped my nightstand which launched oz of water on my router and soaked the bottom of the computer i have thrown a lot of money and effort into i don t even know if it will turn on anything i put effort into always get destroyed everyone i love always leaf life is a pointless never ending nightmare tomb with only one way out i want the fuck out of this hell,1,1,0.9881160903269565,0.9881160903269565,1,0.9999038,0.9999038,1,0.9939167,0.9939167
all i want is to be loved no i need to be loved i only ever end up in abusive relationship im an object i am always used the people i ve loved more than anything have hurt me more than anything i just want to be loved but i will only ever be abused,1,1,0.6553139968747286,0.6553139968747286,1,0.99988294,0.99988294,1,0.99323,0.99323
seating here helping my baby with his paper well he is forcing me too seat with him im sleepy,0,0,0.09171567699620517,0.9082843230037948,0,0.00085155544,0.9991484,0,0.019950634,0.9800494
i have chapped lip boo,0,0,0.08369783195592657,0.9163021680440734,0,0.0005187933,0.9994812,0,0.015253348,0.98474663
just checked my user timeline on my blackberry it look like the twanking is still happening are ppl still having probs w bgs and uids,0,0,0.17945783933658646,0.8205421606634136,0,0.00087436853,0.99912566,0,0.020237722,0.97976226
sometimes when i start to fall asleep it s like i get trapped in my dream and can not wake up the dream are usually a very uncomfortable or weird situation sometimes even terrifying i normally feel dizzy and disoriented in the dream once im finally able to wake up im out of breath and panicking im not sure what to make of these event but it mess with my sleep when it occurs i can t fall asleep for a while until i calm my brain down,1,1,0.8111549140606664,0.8111549140606664,1,0.99989796,0.99989796,1,0.99371815,0.99371815
i m sure that twitter doesn t know the definition of depression,1,1,0.8378526715279033,0.8378526715279033,1,0.999826,0.999826,1,0.99158937,0.99158937
hadtobeyou i m at 900 word it s all can do i ll finish tomorrow maybe,0,0,0.16023064086852423,0.8397693591314758,0,0.0005929798,0.999407,0,0.016400633,0.98359936
i m so tired of the pain hating myself and having no future i cant do this anymore,1,0,0.4291876426091882,0.5708123573908118,1,0.9988411,0.9988411,1,0.97644025,0.97644025
my mind and body are severely protesting this quot getting up quot thing had nightmare to boot,0,0,0.13011143470133368,0.8698885652986663,0,0.00061246357,0.99938756,0,0.016690675,0.9833093
i could post my face and the fact that im sexy everyday but my depression won t allow me to flex on y all nigga like dat,1,1,0.8943142728327417,0.8943142728327417,1,0.9998566,0.9998566,1,0.9924339,0.9924339
nilelegania glad i wa able help you feel better i hate to see you sick love you,0,0,0.46831712618053933,0.5316828738194607,0,0.0005200578,0.99947995,0,0.01527353,0.9847265
dat some fast internet we ll probably be stuck with that 0 though http digg com d o kd,0,0,0.05097418918797962,0.9490258108120204,0,0.000547745,0.99945223,0,0.015709637,0.98429036
wake up force yourself to eat breakfast go to school that s filled to the brim with people who don t like me and think i m weird overthink everything suffer through class get home sleep or do homework then go to sleep again repeat for the next few fucking year is there really any point if class were at least enjoyable i d manage to get through it and honestly most of them aren t horrible just one rd language class that i can t fucking get out of or get better at because how the fuck am i gon na find the strength to learn a whole new language i always get yelled at always stressed at that class because i know i won t answer correctly and i will get yelled at then go home and cut yourself because of it fun right,1,1,0.7869390688356335,0.7869390688356335,1,0.9999032,0.9999032,1,0.993898,0.993898
i don t know if something like this ha happened to any of you but if i try to sleep on my bed i wake up in the middle of the night or can get any rest i can only get to sleep on the couch i m worried about this because i don t want to sleep on my bed any tip,1,0,0.32036718590965163,0.6796328140903484,1,0.9998416,0.9998416,1,0.99200976,0.99200976
crap i need more dress too,0,0,0.05935160753450338,0.9406483924654966,0,0.00065229385,0.9993477,0,0.017270483,0.9827295
skynicmac shame,0,0,0.06969738613839734,0.9303026138616026,0,0.00075604365,0.999244,0,0.018707499,0.9812925
nicolerichie yes we had the vhs i cried when the old man died,0,0,0.0956368591058907,0.9043631408941093,0,0.00057436555,0.99942565,0,0.016119368,0.98388064
dynoisthename haha you better watch those two they might actually kill each other,0,0,0.2833407460159985,0.7166592539840015,0,0.00063563546,0.9993644,0,0.017030055,0.98296994
came back from running and took a shower why doe my lower stomach still hurt after exercising,0,0,0.22370081575704562,0.7762991842429544,0,0.00083467213,0.99916536,0,0.019735847,0.9802641
i fear i may go into a depression pit i miss my friend,1,1,0.8223663886230472,0.8223663886230472,1,0.999861,0.999861,1,0.99256176,0.99256176
aw snapcase arent getting back together i must have dreamt it,0,0,0.11042334305441104,0.889576656945589,0,0.00047947292,0.99952054,0,0.014614242,0.9853858
i ve felt like this for a bit but never super realized until i looked into a depression a i ve thought more and more recently that i might have depression i ve just kind of been watching youtube and show recently not doing anything i like recently i haven t had any good motivation to get up and do stuff like playing video game even though i want to i just can t get myself to i ve been failing school i can t motivate myself to sit down and even do that which i really really need to do and i feel bad for it too since i haven t done really anything and my mom stuck her neck out to help me i ve just about always had good grade up until spring of last year i think i m always happy when out doing stuff around people basically but i m not always feeling that way i ve just kind of been feeling off and a bit sad i want to reach out to people but i don t have the courage to do so even if they re a relative or a close friend i don t want anyone feeling sad because i am and i m just kind of trying to keep people other than myself happy people have asked me sometimes if i m ok but i always respond with i m fine sometimes i know like at the beginning of conversation i sound a bit sad which is why people ask if i m ok but then i kind of just go to a normal somewhat happy tone i don t want to really say i m depressed cause i think it s just my own fault for being too lazy and i know recently especially i haven t been getting to sleep really at a time i should just cause i don t feel tired basically ever so i just stay awake and sometimes force myself to sleep i m not really ever cry which isn t very depression like which is guess is kind of why i ve just thought for awhile that i don t which i probably don t i m sure i m exaggerating but i don t really get to a point where i feel sleepy and then when i do go to sleep i sleep for hour and even if i do set alarm i wake up but i m just not motivated enough to actually get up so i usually just fall back asleep but i just haven t told anyone up until now especially not irl until now but even this ha taken some courage to admit even to myself but i probably didn t say everything a im just kind of piecing stuff together in no specific order or anything and just ramblind on but i m sorry this ha been long thank you for reading and have a nice day or night i did forget to mention some stuff i don t really have suicidal thought i mean i ve thought of suicide but never actually thought about doing it and i have been thinking about talking to a friend that i believe ha had depression in the past but i don t know if they still do so i don t really want to put that weight on their shoulder a well and also i haven t been eating a much probably not because of depression if i even have it which i m sure i don t at this point and also my hygiene i haven t been taking care of my hygiene the best i kind of stopped brushing my teeth for awhile i hate to admit it but my teeth are pretty yellowed and i haven t really been taking care of thing such a acne a well,1,1,0.9994894530869876,0.9994894530869876,1,0.99990547,0.99990547,1,0.9939744,0.9939744
not anymore how doe daisy manage to take up of the bed,0,0,0.44123023777396975,0.5587697622260303,0,0.00063801947,0.999362,0,0.017064646,0.98293537
damn it down,0,0,0.0914909974017593,0.9085090025982407,0,0.003806573,0.9961934,0,0.04446323,0.9555368
my dota ladder stats on garena don t seem to have been updated,0,0,0.16225073501124343,0.8377492649887566,0,0.00052505254,0.99947494,0,0.015352981,0.98464704
mund ia am good bro dealing with some mental health issue bipolar on a depression stage now been on a manic stage for a while,1,1,0.782756318409098,0.782756318409098,1,0.9998634,0.9998634,1,0.9926313,0.9926313
jsparsons i am starting my prep for the pmp exam tomorrow can relate the feeling,0,0,0.24008452514731768,0.7599154748526823,0,0.00062138005,0.9993786,0,0.016821966,0.983178
my camera spoil,0,0,0.06945814712157969,0.9305418528784203,0,0.0007461943,0.9992538,0,0.018575221,0.9814248
internetumpire ipave depression kudukaadha ne just live the moment still chepauk la than last match nu nambuvom,1,1,0.877903517632023,0.877903517632023,1,0.9998727,0.9998727,1,0.9929087,0.9929087
webview one of control of iphone sdk is too slow that even for loading local custom page it take a marginal time,0,0,0.23981004908149434,0.7601899509185057,0,0.00094495085,0.999055,0,0.02110432,0.97889566
i kinda miss when i wa completely apathetic at least then i wasn t anxiety ridden and constantly worrying about how much of a failure i am and how downhill my life is going i miss when i didn t care when i could watch my world collapse in front of me and be able to sleep at night when i didn t need to always doing something that release dopamine to keep my mind off of my severe procrastination should i even call it procrastination when the last minute already past i kinda miss when i wa apathetic when i simply didn t care,1,1,0.6890697160600165,0.6890697160600165,1,0.9999018,0.9999018,1,0.99384946,0.99384946
working at uni red bull and a packet of sultana for dinner,0,0,0.07278803904979966,0.9272119609502003,0,0.0006043853,0.9993956,0,0.01657094,0.9834291
feeling very poorly and sorry for myself can t swallow ow stupid gland,0,0,0.12405026898820053,0.8759497310117995,0,0.0016550708,0.99834496,0,0.028533416,0.9714666
i will always be a loser and nothing can change it if i become a billionaire if i date the most beautiful woman i will always be a sad loser it doesn t matter woman will always see me a an inferior person even if they like me,1,1,0.629956871111882,0.629956871111882,1,0.99987733,0.99987733,1,0.99305177,0.99305177
0 wa a rough year for me even on new year s eve i woke up headbutting a brickwall in bed a lot of thing happen to me and around me in a short amount of time that i developed chronic anxiety i study mechanical engineering for a math project among other projecta i had to make a youtube channel i wa sick for week with bronchitis and i had to skip class for my health i had a severe spasm on my back and the morning am before my final exam i wa woken up to be informed that my older sibling wa in icu due to gangster attacking him on thing i forgot to mention is that the engineering course that i m doing wa fazing out so if i fail too many time i have to start everythin all over again on the new curriculum after my exam i wa burned out and my body couldn t relax and i went to a massage parlour to treat the spasm it wa a painful experience and with a woman first time touching me like that week later my body wa just slowly going into shock that i would be paralysed and my sibling had to carry me when i wa at home i probably had a panic attack a well anyway i wa 0 when that happened i m cm and weigh kg my psychiatrist prescribed me 0mg of clobazam in total for morning afternoon and evening and i realised my sex drive wa diminished i wasn t to happy about that so a long time probably month after i started i tried to taper my dose but i did it too quickly got withdrawal symptom and wa put on indoblok for the withdrawal the nightmare wa a blast after a while week i think i could stop on the indoblok and just run on the mg of clobazam and my libido returned a bit but not a before also a a side note a struggle to gain weight so i went to get help with that but i stopped doing that a it got expensive heaviest i ve been on the diet plan wa kg by eating diet alone anyway i started seeing a psychologist that my psychiatrist recommended to me to help figure out how mild my higher functioning autism is but he mainly helped me with my anxiety and ocd we mainly talk now and i did speak with them with topic that made me blush and embarrassed then 0 0 happened i got sick in 0 badly luckily not icu badly on a side note prior the massive shock i went in i wa quite comfortable speaking in front of 0 people and making an as out of myself so long story short i currently weigh 9 kg i m cm in length cm for the win and i m now i m doing my internship to gain my qualification which is the last step i spoke with my psychiatrist that after online powerpoint presentation i want to try to reduce my dose to 0mg a i developed a go with the flow and if it happens it happens type of attitude also i m on other medication so i would like to reduce cost i asked my psychiatrist if it s a good idea to stop seeing my psychologist a we only talk about my problem my psychiatrist told me to still go a it help me vent my frustration i m not gon na lie it help and it s fun for me but i notice after i gained mass from covid my libido slightly increased a well also i went on my first date in my entire life the date had a lot more anxiety than i have mine wa non existent the reason why i want to stop my clobazam treatment is i think i have a significant improvement with my anxiety even my ocd ha improved i have a lot le to worry about regarding failing my engineering course a i m almost done i want to save more money i grew up here in south africa and a lot of terrible thing don t faze me anymore sometimes i find it quite funny i really want to see if it wa the clobazam that tanked my libido and i would like to gain it back please so what do you think after week with the presentation that s coming up i m gon na see how my anxiety is had some physical chest pressure but that wa due to issue at work which i had to resolve myself and after that i m gon na slowly reduce my clobazam to 0mg also did any of you who were on clobazam had an impact on your libido i wa impotent when i first started at 0mg but it s manageble at mg after the weight gain some slight improvement,1,1,0.9915831155101327,0.9915831155101327,1,0.9999056,0.9999056,1,0.99398166,0.99398166
fourteen year ago today i got married i thought it wa the beginning of my uneventful everyday nothing wife mom homemaker life and id be happy and grow old and die and be buried beside my old man nope here i am and widowed w four kid and alone af i m so lonely in the human sense that yes it contributes to my mdd and cptsd i ve been widowed for four year raising four kid solo my parent died a year after my husband did my sibling live 0 mile away my extended relative live out of state my close friend i only really interact with through texting because they live far away all of my friend and female acquaintance have boyfriend or husband so anytime i m physically around them the interaction feel awful for me and my kid i don t fit in at any of the church i attend or interact with because all of the other widow are decade older than me and all of the mother w young kid go there with their husband and are all happy with their full life and younger people don t wan na talk to the widow w a bunch of kid in her 0 dating hahahahahahahahahahhhhhh they re either never been married and want someone young and childless they re older and don t want to have a house of kid if we d get married or they re younger and don t want to take on that role to kid who aren t biologically theirs etc i m just left out and alone and then people don t like if i voice how lonely i feel so they ll attempt to invalidate my feeling with you have kid that make me extra lonely i have no one to send the cute pic i take of them to tell their cute little story to who they can do thing with or help me answer the question many time i m overwhelmed because they ll all talk to me or ask me question simultaneously because we have no one else who s a regular in our life it s just me so they swamp me and i can t pay attention to everyone all at the same time how they need so then at night they re asleep and i m trying to destress but i can t because the next day will be the same and there is no one to cuddle with or talk to etc it s funny too because i see article etc about how mom are overstressed etc and they need help and all but when i air my situation and trouble people say my motherhood single widowed motherhood to four fatherless kid should be the answer to my loneliness and stress if society want to feel bad for and support married mom of one of two kid how come i can never get some freaking recognition and support a a single widowed mom of four with no family or whoever helping her again i m ostracized even in the stressed single mom circle,1,1,0.9667123891190469,0.9667123891190469,1,0.9999057,0.9999057,1,0.993985,0.993985
i most likely need time away from social medium so i can get this flooring project started and find a new job in the process burn some fat maybe just maybe start to look attractive again to woman this here sitting around accepting depression a my best friend isn t working,1,1,0.7755598342045247,0.7755598342045247,1,0.9999032,0.9999032,1,0.99389946,0.99389946
ddlovato david henrie ummmmm i cant find it,0,0,0.07278425298113528,0.9272157470188647,0,0.0006127984,0.9993872,0,0.016695613,0.9833044
after over year of dealing with daily anxiety i feel like i need to heed my doc advice and get on medication i know a lot of people will say that it s not but i feel like a loser and a weak person for not having enough strength to overcome my anxiety alone i look in the mirror every day and hate myself for not being able to get past this for sickening year i ve been trying to deal with this on my own every night i go to sleep exhausted saying the next day will be different sometimes i have better day most day are just a grind to pull myself out of the anxiety i don t mind working hard but i spend hour upon hour obsessing about my health any little ache pain bump or bruise sends me into a panic i have heart palpitation on the regular i can t sleep at night i ve tried working out lost lb walk for hour on end listen to positive message stopped drinking and yet the anxiety won t let go of me i pray to god to help me to give me an answer on whether or not i should get on medication i think god might be telling me it s time instead of enjoying the movement with my family i m checking my pulse worrying about cancer is that palpitation a heart attack wa the doctor wrong when he said i m healthy it follows me every where it s become my closest evil little friend and yet i hate myself for not being able to kick it why am i so weak why can t i tell it to fuck off and never come back why if it s my own brain can i not control it i feel like if i just keep pushing i can defeat it without med but it s been year and i don t want another to go by living like a tortured animal just waiting for it to all end maybe i m just scared to go on med i don t know if anyone can see themselves in what i m saying can you please let me know what if any med have helped you i m not looking for medical advice but when i talk to my doc i d like to have some idea of what he might be recommending anyways long post thanks for listening,1,1,0.9966754554744414,0.9966754554744414,1,0.9999057,0.9999057,1,0.9939855,0.9939855
theekween heart break trauma anxiety depression pain of losing a loved one thelmasherbs thelmasherbs thelmasherbs,1,1,0.8264980166528387,0.8264980166528387,1,0.99987566,0.99987566,1,0.9929998,0.9929998
i m just an armature idiot i m not a pro bodybuilder despite being diligent for over year in my training i m not a manager despite literally figuring out my current job from scratch and training everyone i m fucking short and pathetic and no one ever take me seriously i m not competent since i m a dumbass dropout and my depression and self loathe ha destroyed my social life how can i just go blip and never come back,1,1,0.8501042886479532,0.8501042886479532,1,0.9999007,0.9999007,1,0.99381304,0.99381304
i fucking hate my life i hate everyone,1,1,0.727078984797829,0.727078984797829,1,0.9932521,0.9932521,1,0.9399429,0.9399429
ha anyone had a panic attack for the first time or not even necessarily for the first time but just a bad one and it changed their anxiety physical anxiety symptom i had my first ever proper panic attack in january of this year it wa awful and i went to a amp e thinking i wa dying a bit over a month went by and i wa fine but then suddenly out of nowhere i got an insane head rush when i wa trying to sleep it disappeared when i opened my eye then came back again when i closed them it caused me so much distress and i had no idea what it wa i wa having anxiety attack and wa in a constant state of alertness and worry ever since then i ve had constant light headedness brain fog just feeling completely spaced out type of feeling i ve been on constant alert wondering if i m feeling dizzy spaced out and it s just progressively gotten worse from there i feel tired all the time and mildly disassociated it s honestly ruining my life i ve had multiple test done and they ve all come back clear so i m wondering is this all just my anxiety having gotten worse after that intense panic attack i need to know if these physical symptom are due to anxiety or not any help is really appreciated lt,1,1,0.9935216163900913,0.9935216163900913,1,0.99990535,0.99990535,1,0.99397063,0.99397063
my birthday today feel so old,0,0,0.12429453892827848,0.8757054610717215,0,0.00064555695,0.9993544,0,0.017173592,0.9828264
can t smell tyson any more,0,0,0.11752365495328208,0.8824763450467179,0,0.00086128793,0.9991387,0,0.02007355,0.97992647
i m f been struggling with depression for almost 0 yr i ve noticed that in recent year i ll have a or week long period of feeling so depressed i can hardly function followed by a few day or usually where i feel normal i m talking high energy normal appetite have a hard time sitting still easier to sleep thru the night etc just wondering if this happens to anyone else i don t think it s mania it just feel so drastically different from my usual depressed state,1,1,0.9452302506405075,0.9452302506405075,1,0.99990165,0.99990165,1,0.993846,0.993846
ronjeffries i d love to hire you again too it wa ton of fun last time i don t do the budget tho or the hiring,0,0,0.15501068979375765,0.8449893102062423,0,0.0005883542,0.99941164,0,0.016331133,0.98366886
i m almost and ever since i graduated i have been lost i didn t even look at college university my parent enrolled me in admin and i got the cert two then dropped out two time cert and then a spent a year and a half at makeup school which i regret because i still can t find a job out of it i do want to start my own freelance business but it hasn t happened yet lol then at i actually pursued a hairdresser apprenticeship which i ve wanted to do for a while i ignored all those telling me it s a sht job no money what ended up happening wa working at two different salon and causing nothing but chaos to their business the first salon got rid of me after three month after repeatedly getting people wet and failing to follow instruction the way she let me off made me cry on the way home like it break my heart whenever i have to remove someone passionate about hair but today will be your last day the thing is i lied that i wa passionate about hair when really i really am not then i found a job at a salon closer to home everyone there wa a lot older than me and i found it hard to talk to them but they were understanding and very kind they wanted me to quit my waitress job to focus on my career this salon wa a lot smaller and easier than the other one whole place made up of just four chair i worked there for four month caused abit of chaos bleach dye got on customer at some point failing to follow instruction when super busy fast paced on one tragic friday they sat me down and told me some sad serious thing they said they were dissapointed for one there were a few complaint from customer i wa still getting water in someone s eye and forehead too harsh with the wash brushing that same customer ear then they told me someone had been secretly asking for someone else to wash their hair and apparently i haven t been paying attention or focusing or using my common sense and that i need to speak up that night i started to get paranoid that i wa add or had a learning disability im pretty sure i do all over again or even a lack of common sense to my mum the answer is always you don t help out at home so that s why you can t do anything at work start from home first despite all that my boss still gave me a chance and told me they still agreed to let me stat my cert in hairdressing even though i m five week behind and told me to practise washing hair instead of root colour i wa holding back tear the entire meeting right after leaving i had another mental breakdown on the way home my parent were going to leave for a birthday but then cancelled and were concerned i made an instant decision that it wasn t for me and ended up quitting over text then not going to work the next day or going to first day of tafe class the apprenticeship is supposed to be year five day in a salon and once a week in tafe a few day later they called me to come pick up my pay because they decided to under pay me and in cash until i officially started my apprenticeship they were softer this time and asked if it wa any issue with the staff or even them and i denied it all the guy told me he thought i would have come back after the talk and pulled through you know like improve fought they made me feel guilty and want to ask for a second chance to still work for them and pursue the apprenticeship my mum reminded me that i know myself if i stayed they would end up sacking me anyways my mum think it s better to quit before getting fired and getting a bad reputation it s not good for me or their business it s kind of embarassing so yeah there s my experience on trying to become a hairdresser unfortunately for me i do have a case of social anxiety and it s hard for me to speak up i also get a bit grossed out about touching an old guy hair since my first hair salon job i have cringed watching my bos fake laughing to customer how fake you have to be a well ughhh it s not for me is it now i m thinking about going back to studying admin to get an office job while waitressing on the side or i wouldn t mind being a waitress for the rest of my life just some more irrelevant rambling you don t have to read the last thing i want is to end up a factory worker like my dad which everyone in my family seems to look down on my younger bro went to uni right after high school and work towards becoming an it or something i have always been the dumb rebel sibling lol simpson s bart and lisa balance right there it s fine i ll just be the dumb pretty one like the haley character out of modern family except i m not a party girl or ever been in a relationship might a well get a boyfriend for once anytime soon each year that s passed since finishing school in 0 ha consisted of cry in my room over being a failure the first year i started to have withdrawal symptom from being let off antidepressant on the bright side unlike the other sad year i actually have a job before that it wa so hard to even land an interview i have two hospitality related job,1,1,0.9925272249665079,0.9925272249665079,1,0.99990606,0.99990606,1,0.9939983,0.9939983
so i have a mild stutter and i just had an epiphany i ve been letting my stutter control me but i found something amazing out i let my stutter define who i wa a a person instead of an aspect of myself it s so bad that when my parent talk to me like a normal person i d think to myself wow they act like i m normal despite my stutter they see past that and when i would work people would see my name tag and say oh i have a son named my name and i would think he probably doesn t stutter tho i let this define who i wa a a person and i let it really get to me i wa looking at old reddit post from other people asking how people view stutter and most people said they didn t care at all and even found it interesting some even said it wa hot cute made joke sound more natural and a a result more funny not like they found the stutter funny tho and one even said they were turned on by it and someone said something that stuck out to me they pretty much said how you perceive yourself is how others will so if i see myself a weird and anxious i will act that way and be perceived in that way but if i see myself a confident and charismatic and just act like my stutter doesn t bother me and even joke about it then others will perceive me a such this blew my mind a i thought everyone didn t pick up on my stutter at first and just thought i wa super weird but it s just me convincing myself of that so even tho this clicked i still can t just flick the switch off so how do i actually become confident with my stutter it s very mild and is fueled by anxiety so if i can get rid of my anxiety it ll in my opinion make me sound more charismatic and confident so i really wan na figure out how to just own it how do i do this,1,1,0.9071143189925206,0.9071143189925206,1,0.99990404,0.99990404,1,0.9939253,0.9939253
britney wa fucking amazing after we just went back to the hotel i hate travelling with cheapos,0,0,0.32160906338781,0.6783909366121901,0,0.00061716186,0.99938285,0,0.016759958,0.98324007
i stopped my dad from killing himself yesterday and idk what i should do i don t know how to help him i offered to help him talk to a therapist but he said no i m afraid to lose him when i pulled the gun out of his hand he looked so scared and overwhelmed he even said thank you for now i took the gun from the house i hope to god it wa just a one off and he won t try again but i don t know how to help i know i can call 9 and they will put him in a hospital for his own safety i don t know i m scared of doing that he doesn t like hospital any help would be appreciated i m completely lost,1,1,0.9405258693822124,0.9405258693822124,1,0.9998988,0.9998988,1,0.993745,0.993745
been with o for month now in need of phone upgrade iphone come to 00 over contract life need smartphone with cheapo talk plan,0,0,0.34334696205598947,0.6566530379440105,0,0.0006069356,0.99939305,0,0.016608825,0.98339117
jesmayhemwa still trying to sell the prelude,0,0,0.12767837164373322,0.8723216283562668,0,0.0005024476,0.99949753,0,0.014990509,0.9850095
i need help managing this idk what s causing it but you know when like you anticipate something happening and you get that sinking feeling in your stomach it literally make me feel terrible it s been happening since my toxic ex and i ended which wa year ago i wa on medication and stopped because it s only gotten worse overtime i don t think it ha anything to do with that i m sick of this feeling edit i only don t feel anxiety when i m drunk which is weird considering a lot of people i know get heightened anxiety,1,1,0.9866736576243925,0.9866736576243925,1,0.9999025,0.9999025,1,0.9938719,0.9938719
worldofnc i do a digital fast every so often it s where i stop watching the news or looking at social medium just music reading and netflix it may be sticking my head in the sand but it give me a firebreak from the stress and depression that is modern life stay sane,1,1,0.7856133861308529,0.7856133861308529,1,0.9999,0.9999,1,0.9937856,0.9937856
i am awake now because of twitter i wa just dozing off,0,0,0.05945854945137491,0.9405414505486251,0,0.0007793423,0.99922067,0,0.01901723,0.9809828
i feel a since covid hit my life turned upside down almost nothing brings joy anymore and nothing is interesting,1,1,0.7917718416941673,0.7917718416941673,0,0.0015974499,0.99840254,0,0.027996281,0.9720037
i am not i don t believe or respect myself enough to do it i am extremely pathetic lazy and bad person that s the truth a simple fact and this will probably never change because thats how i am,1,0,0.4194040364529491,0.5805959635470509,1,0.9998355,0.9998355,1,0.99184424,0.99184424
derldium dojowrld ain t even gon na lie winning this a day before my bday would be a game changer for my extreme lack of motivation and hella depression a of late lol http t co mpurp prsx,1,1,0.8297714787206952,0.8297714787206952,1,0.9998958,0.9998958,1,0.9936479,0.9936479
nicolerichie gossip girl wa a repeat,0,0,0.11350836802819403,0.8864916319718059,0,0.0005094689,0.99949056,0,0.0151038915,0.9848961
didnt announce reading lineup,0,0,0.12265471257820351,0.8773452874217965,0,0.0007494457,0.99925053,0,0.018618977,0.981381
every little thing i do every step i take i regret it after i think too much about how what i do will affect others to the point where i just want to fade away and not exist i can t get over my failure a long a i have a constant reminder of them it s impossible and i can t bear it anymore i wish thing didn t happen like this i wish thing didn t continue like this i just want thing to improve but there s no sign nothing i feel so done,1,1,0.9064329261674593,0.9064329261674593,1,0.99989665,0.99989665,1,0.9936743,0.9936743
depression anxiety lack of sleep lack of new yukika music lack of weed http t co d y 9 zpry,1,1,0.8256189158621936,0.8256189158621936,1,0.99987626,0.99987626,1,0.9930199,0.9930199
i ve just been so overwhelmed lately i d love a break for once in my life i m not asking for much but at this point it seems like only bad thing happen to me i even lost my two only friend a few month ago and now i m all alone again,1,1,0.9193146385320334,0.9193146385320334,1,0.9998801,0.9998801,1,0.9931397,0.9931397
up and showered now to get dressed for the late shift lollypop,0,0,0.11834411033920596,0.881655889660794,0,0.0005231707,0.99947685,0,0.01532308,0.9846769
they didn t respond after a day so i brought it up in person if they even got it and if they liked it they said that picture stress them out knowing that they could be accessed by a hacker and that they didn t do it for them i like to send picture when i m feeling good because it make me feel even better but this sting of rejection is really tough for my anxiety i feel silly and ashamed and don t understand how he didn t like it,1,1,0.8678404391810363,0.8678404391810363,1,0.99990106,0.99990106,1,0.9938233,0.9938233
pogba sur son niveau catastrophique c tait mourinho quand jos est partie il mets a sur le compte de la d pression mdrrr,1,1,0.734836968437477,0.734836968437477,1,0.9987953,0.9987953,1,0.9759427,0.9759427
i hurt my leg,0,0,0.11949248804921997,0.88050751195078,0,0.0038072437,0.99619275,0,0.04446738,0.9555326
i m year old and i wish i wa born into a traditional family like the american family we see in movie a close knit and loving family not necessarily rich but with enough money to have a comfortable life travel with family on vacation christmas eve dinner etc but i wa born in a third world country where there is not much possibility of being rich and people are not a educated and refined a in first world country nor is there a high human development index my family is disunited there is no affection between u and we barely have enough money to survive but the biggest dream of my life is to one day have a family like the one i mentioned before united loving rich and happy i really want to have at least one daughter and a wife and on vacation we travel together to fascinating place go on a safari in south africa see lion elephant giraffe up close climb the andes mountain range embark on a transatlantic cruise in short many adventure and family memory also for this purpose i m already studying several language through apps but given my current situation all this seems to me to be nothing more than an impossible dream it s a if i look in the mirror and see that my true image is completely different from how i would like it to be it s like a beggar in rag looking at a rich man in a suit and envying his life i m studying software engineering at college and it give me a little hope that maybe i ll get a good job move to a better place maybe a first world country take my family with me and there i can make my dream come true but speaking like that it seems like i m dreaming too high it seems that this life i dream of having is not for me and i should just to accept my third world life is it possible for me to have the life i want or should i confirm myself with a mediocre and unhappy life i m not to give up on my life anyway i ve dealt with severe depression and existential crisis before,1,1,0.977852842272323,0.977852842272323,1,0.9999068,0.9999068,1,0.99402034,0.99402034
anirudh noob simp for depression,1,1,0.9999918081778081,0.9999918081778081,1,0.9998323,0.9998323,1,0.99175644,0.99175644
one of the hardest thing with this schedule no one i can chat with at the end of my day usually,0,0,0.35543985333242345,0.6445601466675766,0,0.002904236,0.99709576,0,0.03852389,0.9614761
shytheo mizzzidc pappy bright the depression part is kinda much but if it were me i d be really mad co according to her it s a repeated action,1,1,0.8092467352496094,0.8092467352496094,1,0.9998661,0.9998661,1,0.99271303,0.99271303
flu shot ouch,0,0,0.0721507754984787,0.9278492245015213,0,0.0005603502,0.99943966,0,0.015904779,0.9840952
a year ago today i moved to a new city the city of opportunity growth and everything nice but i also learned this is the city of demise since i ve moved here itit s been hard to adapt to the culture the environment and pretty much anything else the store were different everyone talked differently people dressed differently and everyone had money so i thought i realized that my salary wa not enough to fund the normal lifestyle that i managed to survive off for year post undergrad in my home town and a new lifestyle i wa living paycheck to paycheck borrowing money getting loan and using credit to make end meet this made me depressed because it wa at the pandemic s peak and i spent 90 of my time inside with my thought i became more and more depressed and didn t know what to do i had suicidal thought but i tried to push through here s where thing take a turn i got a gig i earned more from my gig than my take home pay so my life wa sweet i wasn t depressed this lasted for six month then my health took a turn i couldn t keep up with life anymore i wa physically ill and had to let the gig go now i m here no gig and leaving the full time job so now i m in a new city no income following for a few week and ready to end it all i ve always thought money doesn t buy you happiness though they re right my journey prof that money can contribute to happiness doe money make you happy,1,1,0.9177113286198819,0.9177113286198819,1,0.999908,0.999908,1,0.99406284,0.99406284
chelserlynn haha it so cooooold in the d and no but you should still go to the show they do some incredible stuff,0,0,0.08608549989968498,0.913914500100315,0,0.00047854125,0.99952143,0,0.014598806,0.9854012
everyday i want to km but can t i ve even stood on the edge of a building ready to jump but don t how can i summon the courage to actually go through with it i hate living i hate the idea of having to do a 9 until i m 0 or 0 and have 0 0 year of limited freedom my ex broke up with me she say she doesn t have the energy to hang out with me anymore i have nothing to live for how do i just go through with it and take that dirt nap i m sure none of you can give advice on how to actually go through with it but idk maybe i just need to vent maybe i m hoping someone will give me advice i don t know what i m doing with this post,1,1,0.9018443785542919,0.9018443785542919,1,0.9999,0.9999,1,0.99378806,0.99378806
it bulle fika lokitaung utembee kwa mlima na ulale kwa laga depression itaisha,1,1,0.997750369279216,0.997750369279216,1,0.99987245,0.99987245,1,0.99290377,0.99290377
spazmoraz get up lady see you in work boohoo,0,0,0.14676016561555114,0.8532398343844488,0,0.00048155172,0.99951845,0,0.014648629,0.9853514
my parent are incredibly strict i literally can not do shit all the kid have a meal plan that they must follow or else cant have anything other than the bare minimum in our room no going out with friend or really even having friend in the first place no getting a job or having money for any reason constant room search last week my room wa searched while i wa at school and my dad found my journal where i wrote that i wa gay he outed me to my entire family my dad started blowing up about how i never tell him anything and how selfish i am for keeping it to myself all i ever am is selfish being suicidal selfish you re ruining my dinner i wish i could get a gun in this country so i could blow my brain out in front of them im so fucking done with everything,1,1,0.8921705671939391,0.8921705671939391,1,0.9999019,0.9999019,1,0.99385047,0.99385047
this is beautiful but now i also have depression,1,1,0.9822647659772629,0.9822647659772629,1,0.9998348,0.9998348,1,0.9918241,0.9918241
added the dns system compatibility is okay and am looking forward to the possibility now open but i need to rework the intro sequence,0,0,0.16012814265969874,0.8398718573403012,0,0.0017668188,0.9982332,0,0.029550238,0.97044975
back from the casino a big fat loser,0,0,0.11200003113971344,0.8879999688602865,0,0.0005663184,0.9994337,0,0.015996464,0.98400354
i just want to get it over with i hate living every day knowing one day it s going to end i hate the fact that i exist at all i try to get advice from people they either tell me basically to deal with it or turn back to religion which isn t happening neither one of those doe a damn thing for me what the fuck do i do i want to blow my brain out so i don t have to worry about it anymore just get it over with losing religion wa the worst thing that ever happened to me i wa so happy when i thought god wa real now i know the truth and life mean nothing pointless,1,1,0.9731450160362953,0.9731450160362953,1,0.9999002,0.9999002,1,0.9937968,0.9937968
i suddenly miss my flintstone vitamin tablet soooo gooood,0,0,0.06158330905935214,0.9384166909406478,0,0.0005972651,0.99940276,0,0.0164648,0.9835352
pretty much everyone in my family ha depression or bipolar and i m no exception i m just so worried that it ll make thing worse i m definitely moderate functioning i can go to work and kinda be an ok parent i m not going to off myself even though i have the ideation sometimes but i know life could be much better i might be able to actually do the thing i enjoy in my free time again maybe i won t have the constant brain fog and forgetfulness but what if i end up just feeling numb what if medication make it worse what if i go to a doctor and they won t help i ve never been to a legitimately helpful doctor looking up review doesn t help real talk did medication actually help or make it worse how did it work out for you,1,1,0.9882229000113625,0.9882229000113625,1,0.999905,0.999905,1,0.9939581,0.9939581
i wish people didnt give up on me so quickly because of how shy i am i wish they didnt view me a cold or mean because i never knew what to say so i just kept to myself i wish people didnt call me weird because i find it difficult to make eye contact i wish i didnt have to mask myself and pretend to be someone im not for the sake of fitting in i wish when my brother returned home from the military after year i had remembered how to properly communicate with him we seem like stranger now i wish i had been able to make friend even friend i wish i were able to get a girlfriend whats the meaning of life if you can t spend your time with someone you love i wish i didnt have autism i feel so isolated i feel so alone worst of all i know there is absolutely nothing i can do about it there are no pill for autism only mediocre therapy session to remind you of how different you are from those around you i cant do this anymore living like this is hell,1,1,0.8223881145021223,0.8223881145021223,1,0.9999056,0.9999056,1,0.9939796,0.9939796
i m writing this in hope i get a sign but it s been year already and no sign of life getting better my mom hate me she already told me that my family doesn t give a shit about me and my friend they also don t i ve been trying to get a job i wa just fired from a job where i wa happy learning and getting good pay they just sent me an email saying they no longer need me no feedback except for you are great but not what we need i have tremendous stress a i have to help pay rent i don t want to be a burden anymore i really tried but i m not getting anywhere,1,1,0.8987315311472354,0.8987315311472354,1,0.99990416,0.99990416,1,0.9939323,0.9939323
visit my blog for some exciting article makeup beauty depression lifewithcerebralpalsy http t co g vtrepuij http t co z wudtfgjf,1,1,0.8249318769755902,0.8249318769755902,1,0.99988973,0.99988973,1,0.99344677,0.99344677
pistachenoire laurent brevesdepresse on ne trouve pa le plein emploi en for ant le gen bosser il n y arrivera pa avec s mesures il va gagner de en d arr t maladie d pression pour contourner le syst me on pourrait arriver au plein emploi en am liorant par exemple le condition de travail,1,1,0.8094850600310268,0.8094850600310268,1,0.9998661,0.9998661,1,0.9927128,0.9927128
hi all i am currently studying to be a licensed therapist i am attempting to branch out and offer my service a a life coach for the time being if anyone is interested in speaking to me please message me so i can help you it really help to have someone to talk to thank you,1,1,0.8025276129467757,0.8025276129467757,1,0.9998568,0.9998568,1,0.99243873,0.99243873
davidblue someone spoiled it for me last week,0,0,0.2131531289309515,0.7868468710690485,0,0.0005351752,0.9994648,0,0.015512943,0.98448706
i think to much on the past i cant change it i deserved so much more then wat i got but why am i still thinking about him gah,0,0,0.23270215194299568,0.7672978480570043,0,0.0023163357,0.99768364,0,0.034153286,0.9658467
i just want to go to sleep forever i don t want to feel anything anymore what feel good never last and what hurt hurt longer than it should i d rather just not feel at all,1,1,0.7706593078644971,0.7706593078644971,1,0.9998493,0.9998493,1,0.992224,0.992224
sitting here wondering why quot ed quot still ha such a strong hold on me,0,0,0.07505662805884311,0.9249433719411568,0,0.0009937135,0.9990063,0,0.021685326,0.9783147
seaghostdesigns what happened to you on saturday you didnt show up,0,0,0.11082562652273827,0.8891743734772617,0,0.0004966903,0.9995033,0,0.014896976,0.985103
dilyswei thank you i know it not over but the fact that i studied day and night made me sad,0,0,0.19029006565464326,0.8097099343453568,0,0.00060281815,0.99939716,0,0.016547635,0.9834524
i have a friend group at school yet i feel lonely and helpless i have anxiety and depression i ve always been a big guy 9 0 pound and i ve always been bullied for it i can t get a girlfriend because i m ugly and socially awkward i can t focus on school because i m always tired i can t talk to anyone about my feeling because i hate letting people into my bubble i miss the happy and innocent me at young age my mom left me with my grandma i hate to think what s gon na happen once she dy i hate myself i m ashamed of myself i wan na kill myself i m such a pussy i m afraid that god is real and i ll be punished i m afraid that when i die it will all be black and boring i don t know what s gon na happen if i do it if i fail straight to a hospital if my life doesn t get better i ll do it i hope if i do it i ll be reborn a someone normal and start over,1,1,0.953306491279851,0.953306491279851,1,0.9999062,0.9999062,1,0.99400055,0.99400055
ergonomix for real i ve been there in the pit i ve not wanted to exist because of it no one deserves to feel that way least of all you in any way lt my advice is to try and say this is my anxiety depression whatever it may be talking not me i m loved it may help lt,1,1,0.9175268674303927,0.9175268674303927,1,0.9998969,0.9998969,1,0.9936819,0.9936819
xombiexs of course what aren t they remaking at least with haley i have a bit of hope,0,0,0.15075920011717583,0.8492407998828242,0,0.0005918054,0.9994082,0,0.01638301,0.983617
jonnyisgeek i cant watch it suck,0,0,0.05137659575749438,0.9486234042425056,0,0.0005196401,0.99948037,0,0.015266863,0.98473316
i don t want to talk to advisor they don t advise the judge your arse off,0,0,0.3923487369311225,0.6076512630688775,0,0.00070614135,0.99929386,0,0.018028675,0.9819713
i miss being at home for calving season sad that black one died this morning wish i had some bottle calf,0,0,0.04218355076042455,0.9578164492395754,0,0.00045606523,0.9995439,0,0.014222178,0.9857778
rustyrockets i tnk you need to make me smile today because you never ever write back to me but you do to everyoneee else x,0,0,0.23471066785969916,0.7652893321403008,0,0.00058555225,0.99941444,0,0.016288903,0.9837111
shruticute got any web link to it here we only get the hindu and toi,0,0,0.11731738115526683,0.8826826188447332,0,0.00082364,0.9991764,0,0.01959439,0.9804056
i ve given up,1,0,0.16326070553331995,0.83673929446668,0,0.13056625,0.86943376,0,0.26024398,0.739756
trying really hard not to get sick from all of the stuff i just took to get rid of my cough,0,0,0.2832787827543988,0.7167212172456012,0,0.001687071,0.99831295,0,0.02882787,0.97117215
the number one reason i m severely depressed is the fact that i can never get a foothold in life i m like this powerful rocket on the launch pad that never take off rocket have phenomenal thrust potential but they need a team of people to actually allow it to succeed at what it wa built for i need friend i need family i need people to actually work with me i m year old and have yet to find a foothold to allow me to ascend the mountain for success i ve worked so hard i ve worked countless hour i ve dedicated my heart and soul to excellence i even started my own company a few year ago but a company can not simply run itself you need client investor and people that actually believe in what you re doing in order for that to reach it fully potential i have all this stored up explosive thrust yet no way to get any of it off the launch pad i can have all the desire integrity energy die hard spirit and tenacity however i can t do it alone in a world of untapped potential i feel absolutely isolated and alone i m incredibly intelligent and resourceful yet i m still broke financially and can t ever find a way to get a leg up it take more then one person to succeed i can t continue to give 000 while this world turn a cold shoulder to me and give nothing in return it doesn t and can t work that way so yeah i m depressed and teetering on the edge of a mental breakdown because life isn t working with me it s constantly working against me and to my ultimate demise,1,1,0.9131268659981802,0.9131268659981802,1,0.9999063,0.9999063,1,0.99400604,0.99400604
danphelan urgh it wa just the video and they cut the robot part,0,0,0.19782394636775455,0.8021760536322454,0,0.00047654725,0.99952346,0,0.014565732,0.9854343
fuck antidepressant all i want is a hug i know a hug will make me feel so good right now that s it that s my cent,1,1,0.5297465308203997,0.5297465308203997,1,0.7621473,0.7621473,1,0.6551262,0.6551262
i got my thing set up i ll run away and try to cut my wrist probably on some kind of train track or busy road to be certain i cant deal with life anymore i m just exhausted and i want my rest ik i tried to do it but i always bursted out in tear and eventually did not commit to it but it enough life keep throwing rock and i don t dodge them anymore i tried getting help and didn t get any i tried talking to ppl but got ignored i tried just going on but now i can t deal with it anymore i fucking y o and i always say it normal to be kinda depressed at this age but i don t believe it normal i don t get love and i probably don t deserve it just wan na leave this message for the ppl that know me you probably don t care bc i tried talking and you did nothing it not your fault i m just a coward and cant deal with it anymore so bye have a wonderful life,1,1,0.9383282823132536,0.9383282823132536,1,0.9999049,0.9999049,1,0.9939535,0.9939535
guh the anatomy on this is horrible but this wa mostly drawn to help me get through some heavy depression so forgive that,1,1,0.8979868963072645,0.8979868963072645,1,0.99986553,0.99986553,1,0.9926934,0.9926934
theekween heart break trauma anxiety depression pain of losing a loved one thelmasherbs thelmasherbs,1,1,0.9075706128142065,0.9075706128142065,1,0.9998723,0.9998723,1,0.99289834,0.99289834
depression hitting real good today,1,1,0.8299587536320828,0.8299587536320828,1,0.9998535,0.9998535,1,0.9923436,0.9923436
melaniengzuer haha nah no more i go back twice a month the bus ticket too expensive already,0,0,0.09491300769542202,0.905086992304578,0,0.00047002934,0.99952996,0,0.014457159,0.98554283
y all throw the depression word all over nje mme o ikadima di ayashisa amatakkie nywe nywe spiral to depression,1,1,0.9836817114058485,0.9836817114058485,1,0.99985707,0.99985707,1,0.9924453,0.9924453
i 0m recently had to move back in with my parent and i have become incredibly depressed due to many reason living here they aren t too keen on therapy and i wa looking into cerebral doe anyone have any experience and can give an honest review of it,1,1,0.8743374638260295,0.8743374638260295,1,0.99989676,0.99989676,1,0.99367934,0.99367934
it seems that twitter lost some update yesterday again twitter fail,0,0,0.053407779538268155,0.9465922204617319,0,0.0006994138,0.9993006,0,0.01793546,0.98206455
hi about an hour ago i opened my bearded dragon enclosure and picked him up to find him dead im so distraught and i feel like such a terrible person he wa about year old i ve had him since i wa and i m now he wa year old when i got him in the last month or so my mental health ha been very bad and i ve been working day a week and not had time to care for him at all this is my fault and i m so upset he wa counting on me to take care of him and i couldn t i m so disturbed by the way he looked when i picked him up his eye were black and sunken in and he wa completely limp i don t think i m ever going to forgive myself for this i just feel like the most awful human being alive i m going to miss him so much he wa really special to me even though i ve been unintentionally neglectful there s so much i could have done i just don t know what to do i feel so evil ha anyone else lost a pet,1,1,0.9636621990204203,0.9636621990204203,1,0.99990034,0.99990034,1,0.99379975,0.99379975
randomlynat jeez i wa just trying to help haha,0,0,0.27660247700729823,0.7233975229927018,0,0.0005480369,0.99945194,0,0.015714178,0.98428583
strider is a sick little puppy http apps facebook com dogbook profile view,0,0,0.07886812263742304,0.921131877362577,0,0.0006538535,0.99934614,0,0.017292848,0.98270714
no way my depression song is playing durning a nice as chapter tf http t co hekcohnfbg,1,1,0.8591548514078441,0.8591548514078441,1,0.99984694,0.99984694,1,0.9921582,0.9921582
ha to wait a week to find out if her writing is any good sux,0,0,0.20306783721749175,0.7969321627825082,0,0.0005178541,0.99948215,0,0.015238357,0.98476166
geoffmartinez youre going to be in mexico on easter why,0,0,0.0723475566271248,0.9276524433728752,0,0.0004891856,0.9995108,0,0.014774312,0.9852257
in this meta analysis their finding indicate that at a long follow up interval both positive effect such a a mild improvement in anxiety and depression and negative effect such a a decrease of long term memory verbal fluency and executive function are observed,1,1,0.7590040329551436,0.7590040329551436,1,0.9998864,0.9998864,1,0.99333775,0.99333775
i am gon na make sure i m dead by tomorrow morning every woman is disgusted by my horrendous face and would rather die than speak to someone who look like me time to die,1,1,0.8252342602639965,0.8252342602639965,1,0.9992944,0.9992944,1,0.98197836,0.98197836
morning good mood bad pain lovely day for staying in bed again,0,0,0.13599519979451105,0.864004800205489,0,0.00056652486,0.99943346,0,0.015999625,0.9840004
arghhhhhh can t put a profile picture here so i m sorry guy s don t know what to do now,0,0,0.18740604982729664,0.8125939501727033,0,0.00090967154,0.9990903,0,0.02067512,0.9793249
omg there is a super massive bee downstairs my phobia is kicking in big time and i can t go downstairs unless i know it s gone help,0,0,0.2712746158500891,0.7287253841499108,0,0.00055931497,0.99944067,0,0.01588883,0.9841112
these day i don t feel like twittering don t know why,0,1,0.9027800186819478,0.9027800186819478,0,0.0012543508,0.9987456,0,0.024585469,0.9754145
wa said to me by my mom too the sentence still ring in my mind not because of how much it irritates me but because of how inherently true it is and not long before that she also felt the need to tell me directly that she doesn t care about how i feel nor if i hurt myself thanks for supporting me mom after already struggling with a potent and vicious envy tormenting and tearing me apart from the inside out that nobody besides myself can comprehend the degree of i ve reached a breaking point beyond what i ve felt before living life unable to stop thinking of someone who feel the exact same just better disturbingly similar attribute idea and one particular concept a concept they executed first because unlike me they re smart and put their year of childhood into crafting something awe inspiring something i should ve done by now it all perfectly line up and enunciates all of my shortcoming constant cry nightmare panic attack and many point of a gun to my head i m nineteen and they re a year younger than i am which really tell how close i wa all of these desire and concept too bad they were stuck in a frangible brain like mine so i could only watch everyone similar sprout and bloom into something significant and prodigious something i should have done unfortunately i clearly wasn t meant to accomplish any of that so i ve tried drawing box and figure but in the end i know better how it ll take year of struggling with this before anything i create even resembles anything i want it to be i don t have the willpower to do it nothing to overcome my feeling of valuelessness i ve just wanted to impress people endlessly feeling boring and disposable take a toll on you especially when you see other people very similar to you shining like star and this mean there s technically no more passion in me passion is the heart and soul in the concept of art so there it is i m not capable of true art i can t comprehend true art sure whatever may be unique about me will die with me before any of it could come out but you know what there s a lot of people out there who do it better there are people who s unique idea are more intuitive and inspiring than mine are the artist i envy ha executed concept and idea with disturbingly strong similarity to my own just better and there are many alike him a well so if people would like whatever is unique about me so damn much they can just go to that fucking artist instead the one who didn t fuck everything up the one who could handle the hardship he wa dealt i m done with it all i already tried shooting myself in 0 and failed once i try a second i definitely won t have to try a third,1,1,0.9816631624501747,0.9816631624501747,1,0.9999069,0.9999069,1,0.9940274,0.9940274
ch0en huh like what i didnt know,0,0,0.29309016680041333,0.7069098331995867,0,0.00094751746,0.99905246,0,0.021135254,0.9788647
aaaaand the nausea is back,0,0,0.11463764718985955,0.8853623528101404,0,0.00052864687,0.99947137,0,0.015409946,0.98459005
ate too many oreo yesterday feel very sick today,0,0,0.12006128710729697,0.879938712892703,0,0.00052938337,0.9994706,0,0.015421598,0.98457843
lying manipulating aunt taking advantage of my mom forcing my parent apart stealing money stealing clothes for year and counting i couldn t take it my school grade dropped covid hit couldn t muster up the courage to talk to friend had a drive through high school graduation barely graduated at all no uni plan working at a dollar store just floating on with no motivation or will my sister almost suicided but had the courage to talk about it i attempted more time than i can count but couldn t talk about it the closest to death wa when i wa bleeding so much from my neck i dyed the knife and clothes i wa wearing i tried talking about everything but the attempt but those that know stopped talking to me unless i try first wouldn t it be better if i off myself and get it over with it s not like it matter nothing doe another person will just grow up and fill my spot in society life doesn t matter all life is only equal cause it s equally worthless everything is worthless but the few friend that did help me would hurt but it s better to get it over with like a bandaid instead of make them watch me suffer nothing is going my way i m constantly cry myself to sleep i ve been called wise but it s just watered down suicidal thought coming up in normal conversation religion helped for a bit but it s just more rule on how to live i need help but i don t have the will to do anything i just need someone to comfort me i try hugging myself but it just reminds of how lonely i am every time i try reaching out it just end with a passive one word reply we haven t talked in so long how ve you been doing good just cut me off if you don t like talking to me quit playing these mind game and say it to my face i m seriously messed up am i messed up or is everyone else messed up but that s what s socially acceptable no matter how much i hate the world my mind always try to justify thing or see thing from they re point of view even if it s a blatantly bad thing are my friend bad or am i bad i don t know i just feel sad or numb but cover it with a smile so if i can make a difference in someone s life it s a positive one unlike mine i feel like such an attention seeker by talking about what i m going through maybe being anonymous like this is what s letting me write this it s am again so goodnight we ll see if it s the last time i say that or not,1,1,0.9954151545715069,0.9954151545715069,1,0.99990606,0.99990606,1,0.993997,0.993997
mental health using social anxiety and depression a tool of productivity http t co i p0xklncz,1,1,0.9908021922247848,0.9908021922247848,1,0.9998654,0.9998654,1,0.9926926,0.9926926
lilylauren i get sad when ppl shave their moustache i don t know if i d cry about it tho,0,0,0.15507772132614117,0.8449222786738588,0,0.0006058381,0.9993942,0,0.016592532,0.9834075
i ve had a severe anxiety problem since i wa i m now i want to make a really good effort to find what the underlying problem causing my anxiety is when i try to think about it i just catch my self thinking very negative thought that are not necessarily true i realise this isnt much to go off for a good answer but i wa wondering what s the best way to really understand what my trigger are they seem random and unprovoked most of the time thank you,1,1,0.9222122433911434,0.9222122433911434,1,0.99989665,0.99989665,1,0.99367464,0.99367464
for the last five to seven year at least i ve always figured that once my parent were gone it would be my time i can t bring myself to do that to them however the resentment toward myself and my entire existence have manifested into something that is extremely hard to control i m not going to get into specific but that is just how i feel i guess my main curiosity is if there s anyone else who s still around solely because the thought of their death impacting their family would crush them that s the only thing going for me this day and age i hate every moment and every interaction even though i constantly try to convince myself it s good for me countless time i ve tried failed and never seemed to fit in i m just done i hate everything unfortunately even though i try to love i love my family although it s just too much i ve been hurt and ignored to the point i ve convinced myself no one give a fuck which is probably true nobody doe maybe someone is in the same boat i ve tried to be the most optimistic person i can but i ve been failed so many time i struggle to even grasp for a reason why,1,1,0.9707948045058972,0.9707948045058972,1,0.9999043,0.9999043,1,0.9939346,0.9939346
heartbreaking to see kid taking their life out of depression stress amp grief no parent deserves this trauma our education system is extremely result driven amp the pressure it put on the kid is unfathomable but political interference in place of education is just too much,1,1,0.8126988228481071,0.8126988228481071,1,0.99990046,0.99990046,1,0.99380267,0.99380267
ive been out of work for about a year and tomorrow i have my first hour shift i have to be on my foot for most of the day and am still in the process of learning what i need to do and the worst part is i will be there alone for the last hour of my shift im super anxious about this a i haven t worked an hour shift in a year or more and i wasn t super good at handling them back then either any tip for getting through longer shift with anxiety and fear of failing or getting in trouble somehow,1,1,0.6653624569869229,0.6653624569869229,1,0.9999039,0.9999039,1,0.99392235,0.99392235
i m terrible at articulating my thought so apology in advance let me just say up front that no plan ha been made and despite thinking about it so much i don t think i could go through with it this is just a vent piece i guess i feel like such a burden all the time i genuinely only have one real friend left and feel like my roommate co worker hate me i m anti social and awkward i don t make eye contact and i don t talk at all ever i take way too long to text back if i did km i honestly don t think anyone would know until a body wa found or over a month had passed i m just so sick of feeling like an obstacle all the time like i m always in the way or always wrong to think feel a certain way but all of this seems pretty normal i realise it s not a healthy mindset but literally everyone on earth ha trauma everyone ha their own shit they re going through and not only doe it seem like they re handling it a lot better than me but they have real problem i have friend who lost their job over the pandemic i have friend going through break ups grief or whatever and they still manage to practice their hobby and interact with their fellow man but then there s me doing literally fucking nothing all day every day after work and having the ball to feel like shit over it a if it s out of my control i feel weak willed lazy and most of all i feel like the world s biggist egomaniac for writing so much about myself a if it needed to be said thank you for reading my aimless rambling the thought were very intrusive tonight so i just needed to self depricate i guess good night everyone,1,1,0.9954678447879076,0.9954678447879076,1,0.9999052,0.9999052,1,0.9939678,0.9939678
well the pc in my living room suffered a fatal partion lost all my itunes library is gone and some doc with pic,0,0,0.15866663735555822,0.8413333626444418,0,0.0005139638,0.999486,0,0.015176102,0.9848239
laniefuller feeling really sick today how about you,0,0,0.10220615844475046,0.8977938415552495,0,0.00053737423,0.9994626,0,0.015547516,0.9844525
get to speak to my boyfriend til about so happy but then cant speak to him til may that may hurt a little,0,0,0.15947868068101947,0.8405213193189806,0,0.0005671748,0.9994328,0,0.016009575,0.98399043
i just wish i didn t have people and pet that wouldn t be bothered without me i have all the general visible asset of my gender identity but i still know i ll never be a girl,1,0,0.2887464069688709,0.7112535930311291,1,0.9990675,0.9990675,1,0.9790452,0.9790452
set my alarm to wake up wanted to speak to my si in africa on skype i miss her sooo much,0,0,0.14801110408955825,0.8519888959104418,0,0.00050176773,0.99949825,0,0.014979485,0.9850205
having a major head ache this suck men arrrrrrrg,0,0,0.16571756889719738,0.8342824311028026,0,0.0009646349,0.99903536,0,0.021340517,0.9786595
i had one not to long ago im kinda feeling down rn but it all good these thing just make me stronger,1,1,0.6430091463546884,0.6430091463546884,1,0.99317604,0.99317604,1,0.939591,0.939591
llaacceeyy haha i m not a good cook at all it look pretty foul right now love having voguettes on twitter yay nice to meet you x,0,0,0.07384450472059652,0.9261554952794034,0,0.00059093314,0.9994091,0,0.016369915,0.98363006
kcarruthers i m only 0 year old in pixie year,0,0,0.43339542119609487,0.5666045788039051,0,0.00046895348,0.99953103,0,0.014439171,0.98556083
djalizay i really don t think people choose to be that way but i think he chose not to accept my family s help he might be dead by now,0,1,0.7217279452829042,0.7217279452829042,0,0.0019480796,0.99805194,0,0.031136177,0.96886384
testing twitter mobile sm from australia expensive,0,0,0.06161655217979935,0.9383834478202007,0,0.000702073,0.9992979,0,0.017972352,0.98202765
depression do be hitting different,1,1,0.9249738608510188,0.9249738608510188,1,0.99981934,0.99981934,1,0.9914125,0.9914125
am i really just that awful no one want to be my friend my old friend abuse me i hate everything but especially myself when will it get better,1,1,0.6733879118238444,0.6733879118238444,1,0.99969697,0.99969697,1,0.9886141,0.9886141
i m at work and i m sick and it helluva lot todo this blow,0,0,0.09015131375036642,0.9098486862496336,0,0.00051255163,0.99948746,0,0.015153442,0.98484653
mizzzidc u deserve that depression truly,1,1,0.9624060819753827,0.9624060819753827,1,0.9998318,0.9998318,1,0.99174386,0.99174386
when i wa i sa d a girl in her sleep why i don t know i feel like shit every day because of it it genuinely make me feel like shit when i think about it i just don t wan na live anymore i ve made so many drastic mistake that i don t see the point in life now the sa story ha gotten around school i know and understand i did this to myself but i can t help but feel like shit i really just want to go back and get my old life back but no one belief me when i say i m sorry or i feel like shit because of it i feel remorseful but there s no way to convey that,1,1,0.9771523734449429,0.9771523734449429,1,0.9998995,0.9998995,1,0.99377173,0.99377173
home from franklin street i almost jumped over a fire someone kicked it before i could jenny lost her shoe,0,0,0.2644912186663339,0.735508781333666,0,0.000795249,0.99920475,0,0.01922621,0.9807738
lilbucknuts not an option,0,0,0.11711441509106083,0.8828855849089392,0,0.0005375051,0.9994625,0,0.01554956,0.98445046
ok maybe i ll sleep for an hour or two then i must rise to work on my thesis,0,0,0.13674948152236893,0.8632505184776311,0,0.0010469093,0.9989531,0,0.02230402,0.977696
bavugar joker lp is a tribute to the strongest person in the world my wife depression will not faze u this is for all those who are fighting for mental health awareness and mental illness you are not alone let s fight this together http t co unb fhkzpz,1,1,0.9604365844672796,0.9604365844672796,1,0.9999008,0.9999008,1,0.9938141,0.9938141
martiy ouchies have a good day and goodnight supertim,0,0,0.10725838664461505,0.8927416133553849,0,0.00047623296,0.99952376,0,0.014560518,0.9854395
i hate when software update downloads update without telling me i never know what s downloading when it is,0,0,0.17145468897641267,0.8285453110235873,0,0.00096078357,0.99903923,0,0.021294486,0.9787055
grr i want to keep reading but if i do i wont have anything left to read,0,0,0.346368589805493,0.653631410194507,0,0.004641837,0.99535817,0,0.04936739,0.95063263
in france today it s raining,0,0,0.06063183671879045,0.9393681632812095,0,0.0005685816,0.99943143,0,0.016031103,0.9839689
those are longest symptom along with nausea fatigue dizziness overwhelming feeling,1,0,0.3123347202933471,0.6876652797066529,1,0.99949265,0.99949265,1,0.9849311,0.9849311
cincincintya my seed is on the verge of death thinking of what seedling i can plant to replace,0,0,0.2418248443519925,0.7581751556480075,0,0.0010490736,0.9989509,0,0.022328887,0.9776711
i ve been struggling with an eating disorder for five year now it ha stolen those year from me crippled me from doing thing i love due to my low body weight made me unable to think rationally and study diligently my family are exhausted mum especially sleeping beside me because she s terrified i ll die alone in my sleep it make my heart rot thinking about the hour they ve spent worrying about me or the time and money flushed down the toilet finding me treatment i always disappoint them the mental health team i ve been going to have been more harm than good mum tried to send me to them a early a she could after spotting my illness they did nothing to prevent it from spiraling out of control which it shortly did i had a useless councillor who would stare at me in silence for an hour every week once she broke it to ask if i drank chocolate milk pretty self explanatory considering i had anorexia my parent and i left each session in tear after politely asking if we could swap councillor the team began bullying my mum they thought we were attacking the councillor i wa seeing this meant they refused to offer me a bed at a residential care and threatened to stop paying for my weekly doctor visit unless i disengaged in seeing a private therapist whom i wa making progress with today i found out my mum s plea to put me into residential care ha been accepted i m scared shitless what worry me most is how much they ll fatten me up i ve read somewhere patient are only released once they ve restored of healthy weight however i m also aware i ll be alone with sick and possibly more malnourished kid than myself five hour away from home i lost it when i heard the news screaming and cry my eye out at my mum who should never deserve to be treated like that she ha done everything she can to keep me alive both her and my younger sister are so sick of me my sister hardly ever speaks to me when she doe it s usually to yell at me for being an idiot and retarded once she even told me she wa embarrassed to go out in public with that me and wished i died of cancer honestly i wish so too especially when i remember how close we used to be i went to my mum after dinner to ask for some support she told me i wa so selfish for continuing to engage in a disordered lifestyle and then taunted me when i said i couldn t drink an additional supplement formula i ve pushed those i love away from me i m so alone and lost i m praying to god i get sick and die because then they wouldn t think i wa doing it for attention or being selfish i m so sorry for the rant but i just don t know what to do,1,1,0.9566162832727039,0.9566162832727039,1,0.99990594,0.99990594,1,0.9939919,0.9939919
stephenkruiser i m so sorry to hear about your dog wishing you happier day to come,0,0,0.08164403283175865,0.9183559671682413,0,0.0005266801,0.99947333,0,0.015378794,0.9846212
wishing i hadnt skipped breakfast this morning hungry,0,0,0.051076910089565795,0.9489230899104342,0,0.0006511205,0.9993489,0,0.017253641,0.98274636
i really need to talk with someone just to break down or cry just release all of the shit that have been pilling up people do notice that i m depressed something wrong but every time people ask if i m okay i answer yes i don t really know how to ask for help i don t know who is being nice and who really care how can i open up to someone,1,1,0.9192521255025742,0.9192521255025742,1,0.99989104,0.99989104,1,0.99348736,0.99348736
i can t i m so done i wa born female and i hate it being seen a a beta male suck nobody take me fucking serious and then the fact i m bisexual fucking hell i started forcing myself to only like woman because i hate being attracted to men it disgust me i can t anymore i just had the biggest panick attack imaginable i want to just rip out my female part and fucking unlive myself i m so uncomfortable with myself and i hate how people view me i will never be a real man i do not have male chromosome i don t have male genitalia this is all in my head and i m fuckinf mentally ill this shit ha made me depressed and desperate the worst people are the one telling me to be proud and embrace it fuck no this shit isnt normal and i wont pretend it is i cant fucking take this anymore i m only and i cant imagine living another day with this shit i m not a man nor a woman im some disgusting inbetween shit and i cant take it anymore being a fucking freak i already survived two suicide attempt and i regret still being alive,1,1,0.9239886906823466,0.9239886906823466,1,0.9999037,0.9999037,1,0.9939137,0.9939137
obviously i know the answer is no and that he is perfectly capable of making his own decision but i feel like i m holding him back and since i can t talk to anyone about it let s do it to some stranger online i deal with anxiety and have emetophobia i ve had it since i wa and it s only gotten worse over the year i m now at this point i can barely get enough food in my system to maintain my weight can t go out to eat and get nervous whenever we eat at family or friend and have to drive back my partner is very understanding and doesn t really care about visiting friend and family often since he is pretty introverted however now that covid is over he would love to travel again i can t the thought of being on a plane trapped inside a cage in the sky is horrible but one i can manage but i ll be in a country with strange food strange place and i ll most likely be on the verge of a panic attack every night my partner say that that s no way to go on holiday a it meant to relax and if i m stressed the whole time there s no point edit he got very frustrated and told me i know it s not your fault but what s the point in having a partner when we can t do anything together i have reached out to get help but waitlist are so long that i have no way of knowing when i ll get help the fun thing is that they ve told me they need me at a healthy weight to start therapy but i ll have to do that without help in the back of my mind i m not very optimistic since therapy hasn t helped the last 0 year either and i ve gotten worse every time we re on the verge of buying a house together and i m just in doubt whether i should go through with it since he deserves much better thanks for listening and helping me get this off my chest,1,1,0.9869055307436955,0.9869055307436955,1,0.9999056,0.9999056,1,0.9939784,0.9939784
i doubt theyd care but at the same time i dont wan na die alone he s the only person i have in my life and our friendship is most likely going to end once he move away but it s going to leave me in shamble i m probably going to attempt soon after he leaf but thats the thing i dont wan na die completely alone yes i still feel a if i have nobody by my side even though we re pretty close but regardless of that i just want to die knowing at least one person will give somewhat of a fuck about me,1,1,0.9508723032741081,0.9508723032741081,1,0.99990106,0.99990106,1,0.9938221,0.9938221
sister s cat meatball ha had it leg crushed need to be amputated now poor little thing,0,0,0.11972616770075692,0.880273832299243,0,0.0005160319,0.99948394,0,0.0152092185,0.9847908
depression wont find me anymore http t co mj w9psbln,1,1,0.9778923889840331,0.9778923889840331,1,0.99984586,0.99984586,1,0.9921293,0.9921293
one triop down one to go,0,0,0.2439092129596407,0.7560907870403593,0,0.00077776355,0.9992222,0,0.018996388,0.98100364
he s high energy and strong willed he s only he mind and respect me but sometimes his persistence becomes too overwhelming to handle he will argue his point like a lawyer with every simple task or question i ask him and it s exhausting he sends me into an anxiety attack on occasion such a yesterday how do i keep my cool i want him to keep being himself questioning thing sticking up for himself etc but sometimes just a simple yes mom would be so relieving to hear,1,1,0.8498490381325537,0.8498490381325537,1,0.9999033,0.9999033,1,0.99390006,0.99390006
so because of my anxiety i have this big fear of being alone i m afraid that i will lose my mind and hurt myself or something i constantly surround myself with people and when my partner leaf town i have family stay with me i feel like this is kind of becoming a problem because i m never facing my anxiety alone so when i m alone driving or doing anything else alone i panic,1,1,0.9693394114390885,0.9693394114390885,1,0.9998969,0.9998969,1,0.99368423,0.99368423
what do psychotherapist actually do by drsusanheitler http t co gkjl yyetp anger anxiety depression therapy psychotherapist mentalhealth http t co nqgtdgcziy,1,1,0.9837668988026268,0.9837668988026268,1,0.99989295,0.99989295,1,0.99355114,0.99355114
fardachev reasonablemangh telefootball but we were winning thing it wa just imaginary depression on part of the football they got ole a manager and what did he do worse than moyes,1,1,0.8868948243906581,0.8868948243906581,1,0.99988425,0.99988425,1,0.9932683,0.9932683
ourcitylight that wa so sudden,0,0,0.26072708157679236,0.7392729184232076,0,0.00081294164,0.99918705,0,0.01945636,0.9805436
kiyala aw what did the poor donkey ever to do to you,0,0,0.06989182620203968,0.9301081737979603,0,0.00074531126,0.9992547,0,0.018563323,0.98143667
i wa picking up dinner and when i went to close the door i hit my head i m sure i m fine but now my anxiety went to 00 and i m thinking of internal bleeding and all this stuff and idk if my anxiety is causing this small headache i have now or not,1,1,0.7332967470603119,0.7332967470603119,1,0.9998878,0.9998878,1,0.99338645,0.99338645
bad news wa dad ha cancer and is dying good news new business started and i am now a life coach practising holistic weight management,0,0,0.3130274744067789,0.6869725255932211,0,0.001815312,0.9981847,0,0.029981894,0.9700181
i just want the pain to end i really want to die my life is not going anywhere i ve got no friend no future etc i m just so completely exhausted and sick of it all i wish i wasn t so sensitive but i just can t take this anymore,1,1,0.9150912025504873,0.9150912025504873,1,0.9998902,0.9998902,1,0.99346316,0.99346316
just enabled activesync on my google apps account i can now sync my contact and calendar over the net but no mail a of yet,0,0,0.0853166155636373,0.9146833844363627,0,0.0016531172,0.99834687,0,0.028515356,0.97148466
watching old video of dance team and such make me miss it,0,0,0.07363773286788058,0.9263622671321194,0,0.00059518206,0.99940485,0,0.016433632,0.98356634
i hate money,0,0,0.15023038837518699,0.849769611624813,0,0.0011579915,0.998842,0,0.02354987,0.97645015
literally and the depression that come before,1,1,0.9905131587527026,0.9905131587527026,1,0.99978286,0.99978286,1,0.9905065,0.9905065
francoispillet clemenceji ratio pour tenter de comparer un faf meurtrier qui avait de ant c dent dans l arm e de violence avec ton pote qui a fait une d pression tu e c urant,1,1,0.691809350451005,0.691809350451005,1,0.99969566,0.99969566,1,0.9885866,0.9885866
i want ffxii really bad i never got a chance to play it,0,0,0.23590481680534348,0.7640951831946565,0,0.0009223639,0.9990776,0,0.02083042,0.9791696
i have trouble falling asleep i need something to regulate my sleep cycle back in the day i took zopiclone which wa good at putting me to sleep but early awakening were somewhat annoying i would like to hear the experience of people who have taken zopiclone and other z drug amp benzodiazepine how did they compare which do you like the most,1,1,0.54911744209388,0.54911744209388,1,0.99990165,0.99990165,1,0.9938431,0.9938431
lol i saw mental health in the chat and i m seeing depression now you lot sure love fancy dsm diagnosis,1,1,0.7937664225560026,0.7937664225560026,1,0.99987125,0.99987125,1,0.99286807,0.99286807
nathnaelb i would love to be ill next week dude but no pay,0,0,0.22061330763979192,0.7793866923602081,0,0.00046831134,0.9995317,0,0.01442842,0.98557156
look like rain today bet it bucket down a soon a i step outside front door always the way downhill all the way from today,0,0,0.20002196604714426,0.7999780339528557,0,0.00057539676,0.9994246,0,0.01613506,0.98386496
let s not leave anyone alone,1,1,0.5989286425329947,0.5989286425329947,1,0.990697,0.990697,1,0.9290488,0.9290488
it wa just who i am a reason behind the way my mind worked it doesn t make the depression sting any le but it make it bearable to know that this is just a way of life one i don t have to spend every second trying to push away but to learn to move together,1,1,0.9714254787741985,0.9714254787741985,1,0.9998876,0.9998876,1,0.99337775,0.99337775
kal penn omg i am so mad you were my favorite character i ll miss you,0,0,0.03483279598515763,0.9651672040148424,0,0.0005142716,0.99948573,0,0.015181033,0.984819
http twitpic com y lt i feel so bad for the band right now,0,0,0.09233616570841978,0.9076638342915803,0,0.0006024256,0.9993976,0,0.016541792,0.9834582
ahhh my webcam is messed up and won t turn on,0,0,0.17749705858932163,0.8225029414106784,0,0.00049259025,0.9995074,0,0.014830068,0.98516995
ollien and carousella i can t i have another doctor appointment at 9 and another one at suck,0,0,0.21690098428627205,0.783099015713728,0,0.0004922129,0.9995078,0,0.014823896,0.9851761
i have bi polar disorder and per my therapisti have dismisive atrachment issue but right now i am struggling probably worse than i have in a while in a drunken fit i deleted almost all of the number in my phone so i had no one to reach out to i even called by sister but found myself hanging up after the first ring because i don t want to bother her i am in a low point right now and i can t pull myself out of it i feel so weak my life is the best it ha ever been i have all of the reason to be happy and yet i am here i right now contemplating feeling like i am at the end of my rope i have the life i have always dreamed of and i just feel like i can t hack it anymore i can feel myself breaking at the seems my thought are everywhere i do y know where i am at right now but i am scared i feel like of i reach out to my family they will say i am doing it for attention,1,1,0.9762931596035245,0.9762931596035245,1,0.9999049,0.9999049,1,0.9939568,0.9939568
hi idk if anyone will comment and thats okay i just need to talk or something since i m just so tired of my thought and just this worthless feeling i have all the time dealing with depression is no joke and being in a small town suck more since there not many resource or help for me i ve gotten a little help here and there but have just fallen back to being in my room isolating myself i have suicidal thought quite often and worry i might act on them not soon mind you just scared of myself i think of plan on how i could do it i ve written letter directed towards family member and friend before though i keep them to myself i ve self harmed before but haven t for quite sometime though i worry i may resort to that again i really just want help but i have no idea how i can even get it anyhow i thank anyone for reading if you did i don t have a lot of hope left but i guess i m still alive so yeah,1,1,0.9835140586721088,0.9835140586721088,1,0.9999049,0.9999049,1,0.99395543,0.99395543
hello i am neurotic with symptom of anxiety disorder and ha mild suicide ideation i am generally better the last month i have taken the past year off college to focus on taking care of myself i went to therapy but had recently stopped so i could afford to go to school again this year i think i have been doing well in implementing lifestyle change that improve my mental well being such a setting clear boundary reaching out and eating which is one of my biggest challenge i still struggle to be consistent in aspect of taking care of myself but i wonder what change do you suggest or have tried that helped you a lot in continuing to live i struggle in finding joy or even interest in living and in time of difficulty still ideate my death i know i m sick and that is something i should fix i hope you could help me with your answer they don t have to be big since small change are more sustainable and le overwhelming thank you,1,1,0.960347399646764,0.960347399646764,1,0.9999082,0.9999082,1,0.9940738,0.9940738
it wa dumb they were talking about what day do they put out trash and i said something like every day is trash day if you hate yourself but still go outside they nervous laughed and looked at me asking if i wa serious and i said well everyone hate themselves a little bit and they just didn t respond cool just me ok lol,1,1,0.527440082267537,0.527440082267537,1,0.9998846,0.9998846,1,0.99327976,0.99327976
depression is not a joke damn bangon pre,1,1,0.7517484935390415,0.7517484935390415,1,0.99979824,0.99979824,1,0.9908807,0.9908807
i just want to either take all my pill or jump off a bridge and be done with it people i thought cared at me don t and the one person i know care about me and want to be my friend doesn t respect me a a person with feeling he hurt me he know how his new relationship ha affected me and now his won t stop behaving like a horny teenager in public a a man in his mid 0 i just want to be respected i looked up to him and it s all crumbling down in front of me i can t be friend with him anymore and i can t live with that i just want to be done with this pathetic life i just had to cut my parent off for the second time in undergrad and have nobody i m useless and behind on so much i have so many obligation but i can t find the strength to do any of them all my peer hate me for being upset how dare i be upset when i see the person i like make out with their significant other on the floor and won t keep their hand off each other and i can t do anything about it if i say anything i ll lose everyone i m trapped i fucking hate myself for getting close to him and wish he just left town when he graduated so i never got to know him at all,1,1,0.9794679256748181,0.9794679256748181,1,0.99990475,0.99990475,1,0.9939506,0.9939506
noelclarke good morning you stop ignoring me just co i said i like cough take that am very sad now boo hoo,0,0,0.31060077961432736,0.6893992203856727,0,0.0004969574,0.999503,0,0.014901331,0.98509866
i am feeling sick,0,0,0.13184689541459438,0.8681531045854056,0,0.0025421614,0.99745786,0,0.03588947,0.96411055
honey it s nasty no report of flooding a yet multiple report of bad hair and wet pant however,0,0,0.13770375450763953,0.8622962454923605,0,0.00049554586,0.99950445,0,0.014878327,0.98512167
cahmo done condone nonsense in your marriage oo that s how most woman slip into depression your life must not revolve around your man them no born two of una together if he love and respect you he won t drag you in the poteaux poteaux,1,1,0.748775026400878,0.748775026400878,1,0.99989927,0.99989927,1,0.993763,0.993763
hypothetically if someone took 9 000mg fluvoxamine mg naltrexone and 0mg lorazepam what would happen all hypothetically of course,1,1,0.5821494031792184,0.5821494031792184,1,0.999694,0.999694,1,0.9885521,0.9885521
it s gotten so bad lately i am basically in a constant state of fear i can t get a break from it whatsoever just a constant state of being afraid impending doom and panic any helpful word and tip would be greatly appreciated it s so debilitating and disheartening,1,1,0.5641379005219184,0.5641379005219184,1,0.99989665,0.99989665,1,0.99367344,0.99367344
thinking of pay day another week to go lol,0,0,0.14648775370224706,0.8535122462977529,0,0.0005245394,0.9994755,0,0.015344838,0.98465514
gigdiary i know wa a little depressed that we ate so much last night there were no leftover today,0,0,0.3013337234005433,0.6986662765994567,0,0.00053975143,0.9994602,0,0.015584801,0.9844152
i am not an ecomomist but i wa hit by the last recession to me i feel this will be more like recession depression i wa above my level in high school for this field hang on to your money,1,1,0.9333134936643068,0.9333134936643068,1,0.99987876,0.99987876,1,0.99309665,0.99309665
my anxiety come with irritability avoidance of others impatience low frustration tolerance sleep issue restlessness and all sort of strange worry but the thing that really annoys the fuck out of me is the constant tight feeling in my head neck and chest anyone else feel this way,1,1,0.9208098116045415,0.9208098116045415,1,0.9998994,0.9998994,1,0.99376714,0.99376714
goodnight everyone well i m not feeling much better and i m going to the doctor tomorrow,0,0,0.3614328665569412,0.6385671334430588,0,0.001220074,0.99877995,0,0.024221553,0.97577846
i simply don t care anymore they took away the reason i began to feel hope in living again i don t trust anyone i just feel the world is a horrible place i just want to die and find peace i can t handle anymore this feeling of hopelessness anxiousness and resentment i hate living and i hate everyone i m just a fucking burden i can t even find the courage to end it all sometimes can t believe i ve become that miserable people my age are excited to begin their life and i just want it to end right now we are just slave of a system that exploit u what s the fucking point of trying anyways pls someone help me,1,1,0.9889816860016056,0.9889816860016056,1,0.9998994,0.9998994,1,0.9937688,0.9937688
hollis death scene will hurt me severely to watch on film wry is director cut not out now,0,0,0.12937073269150032,0.8706292673084997,0,0.00045894022,0.99954104,0,0.0142708225,0.98572916
just got home from watching michigan state get tromped,0,0,0.16926322490162451,0.8307367750983755,0,0.0005380294,0.99946195,0,0.015557794,0.98444223
my dog passed away in the night full on gutted,0,0,0.1098973299748559,0.8901026700251441,0,0.00054996804,0.99945,0,0.015744194,0.9842558
broadband plan a massive broken promise http tinyurl com dcuc via www diigo com tautao still waiting for broadband we are,0,0,0.05760085883524585,0.9423991411647541,0,0.00071500277,0.999285,0,0.018150816,0.9818492
o i wish the frog weren t becoming extinct http tinyurl com cxe w,0,0,0.07483722888275285,0.9251627711172472,0,0.0006059677,0.99939406,0,0.016594455,0.98340553
yinkapost he went into depression i think,1,1,0.9947260804162417,0.9947260804162417,1,0.9998462,0.9998462,1,0.99213785,0.99213785
kaylee 0 yawn i m pretty good thanks awww i m sorry to hear that feel better soon lt,0,0,0.1706943925783904,0.8293056074216096,0,0.00050992775,0.9994901,0,0.015111271,0.98488873
seasonal depression please exit stage left the sun made it come back http t co jdote rjd,1,1,0.8779048067614041,0.8779048067614041,1,0.9998809,0.9998809,1,0.99316335,0.99316335
i don t know how anything work anymore my brain feel like it ha dementia forgetful literal lack of intelligence and critical thinking skill i don t know how school work don t know basic math never had relationship and feel incredibly out of place and inferior to the rest of the general population that s my age half of the people living in my building are my age now i m so fucking suicidal everyday i m just waiting to die,1,1,0.911844203400981,0.911844203400981,1,0.9999031,0.9999031,1,0.99389523,0.99389523
need the motivation to get dressed and go to work i hate training,0,0,0.14168572015197212,0.8583142798480279,0,0.0009969296,0.99900305,0,0.021723166,0.97827685
i got a supporting family a girlfriend who love me more than anything else i ve got friend i ve got a job i ve got hobby i wa born wealthy and had a very good education i ve tried med for a long time psychologist and psychiatrist been to ward but im still just a sad now a i ever wa what am i meant to do what s left i still feel like shit all the time and don t have any reason to there are so many justifiable reason for people to be depressed but i have none of those instead what s even scarier is the idea that this is just innate and always what s in me people say suicide is a permanent solution to a temporary problem but in no way is this problem temporary and it doesn t seem fixable either,1,1,0.9269486472307442,0.9269486472307442,1,0.9999062,0.9999062,1,0.9940018,0.9940018
i wa in such a good mood this morning now not so much anymore stupid work stupid cellphone provider,0,0,0.30771676353388905,0.6922832364661109,0,0.00057599595,0.999424,0,0.016144168,0.98385584
trying to figure out this twitter thing none of my friend are on yet soo much to see,0,0,0.17381528098689453,0.8261847190131055,0,0.0006570369,0.999343,0,0.017338417,0.9826616
i just grew another chin,0,0,0.12921872049609212,0.8707812795039078,0,0.007755251,0.9922447,0,0.06456746,0.93543255
i have tuned in into pak v au sadness depression trophy series,1,1,0.7621156129547569,0.7621156129547569,1,0.99987173,0.99987173,1,0.9928824,0.9928824
ylizabeth because you died and i never see you,0,0,0.22988788041591912,0.7701121195840809,0,0.0010324327,0.9989676,0,0.02213715,0.97786283
megan equal murder,0,0,0.11408569851765978,0.8859143014823402,0,0.0007785206,0.9992215,0,0.019006386,0.9809936
back in those skin crawling boredom bout that just result into depression bc like nothing is worth it anymore cheerz,1,1,0.8698974446692931,0.8698974446692931,1,0.99985576,0.99985576,1,0.9924083,0.9924083
i wanted to share some of what i ve written because i find that writing is an outlet that help me to calm down sometimes i sit in a room full of people and stay quiet the loud chatter and the chaos of laughter will fill the room fill my head yet i keep my opinion and question to myself i keep my thought contained in my mind i watch a the girl who betrayed me smile and continues to talk i watch a my friend all happily converse with one another i watch a the boy throw their head back unable to control their laughter they ask if i am okay more quiet than usual and all i can say is that i am tired what they do not know is that i am not physically tired but mentally exhausted my mind is constantly racing overthinking every word that leaf my tongue every move i make and every awkward gesture that display itself during conversation with people i need a rest,1,1,0.8636717964919087,0.8636717964919087,1,0.9999045,0.9999045,1,0.9939429,0.9939429
theekween vhulivhadza help people forget unpleasant event such a depression anxiety loss of a loved one heartbreak and any traumatic event thelmasherbs,1,1,0.8942399468142195,0.8942399468142195,1,0.9998909,0.9998909,1,0.9934841,0.9934841
darknbold biolakazeem love and light from me too but i had to unfollow him on all his account so not to fall into depression too blaming mourinho not his fault it s the club that chose him over mourinho someone that should come out and humbly apologise to the club and fan before he leaf,1,1,0.5731773187189199,0.5731773187189199,1,0.9998963,0.9998963,1,0.99366426,0.99366426
it still hurt,0,0,0.1172486167880454,0.8827513832119546,0,0.46104595,0.538954,0,0.47850546,0.5214945
tutsy u are minding her she come say she won enter depression i said happy depression ijmn ungrateful soul,1,1,0.9931732501577796,0.9931732501577796,1,0.9998858,0.9998858,1,0.9933211,0.9933211
i attract awful people into my life because i myself am an awful person i m not oblivious to the fact that i m flawed i keep going back and forth on wether i should become a better person because everyone that ha ever done anything great wa actually a monster with sharp fang the duality of life in human consciousness often torment me and i always feel pulled in either direction causing me to have suicidal thought i try to be good people pick me apart and peel my scab i give into darkness and the universe reward me with earthly delight while my soul weeps the price is the concept of becoming a better person just used to keep u all docile i yearn to return to my eternal sleep but i have these idea that life is worth living simply because the other side is where we go when we do not dream nothing no thing even now i can not decide whether i want to live or die which just go to illustrate the main point of this post this life is a mess of confusion the emphasis on being a good person make me feel like shit for the person i am yet assimilation look to me like narcissistic delusion no good deed go unpunished the path to hell is paved with good intention is the only to bring true good into this world through evil fuck having a brain,1,1,0.9804819156739765,0.9804819156739765,1,0.99990475,0.99990475,1,0.9939516,0.9939516
i finally started therapy last november because my social anxiety ha gotten too big to deal with and i feel stuck i thought it wa going well therapist understood my problem anxiety ha been my reality for year so i guess changing my mindset is a slow process and all that but a few week ago my mom told me i should try to talk with a few other therapist because she doesn t think i m not really making progress and she also doesn t like that my therapist ha suggested anxiety med and antidepressant which i m not on right now because it s like she s dismissing me she said this got me thinking that i truly don t know what the best path is because you trust your therapist you aren t the one who studied psychology so you assume she obviously know better so i thought i d try to ask people here who went to therapy and got rid of anxiety what should i expect i didn t expect my therapist to say a bunch of magic word and cure me but is it really anxiety is never going to go away you can just learn to handle it better just make yourself suffer by putting yourself in situation that cause you anxiety until you get used to it and take med to help if you want to because that s depressing i know i might sound whiny but having to make all the work myself make me lose all motivation and i just wan na off myself because i don t actually get used to stuff i ve taken the bus a million time in my life and yet i m still anxious every time i have to take it i feel like i can t win i thought that therapist would at least help a little bit because what am i paying her for telling me to accept that i can t control everything because risk is a part of life and to take a walk everyday because i could ve realized that by myself,1,1,0.99857206025938,0.99857206025938,1,0.99990726,0.99990726,1,0.9940394,0.9940394
elanorelle niceee we ran out of filter coffee art work not good forgot my bread to make toast bad start to the day,0,0,0.1251985439911826,0.8748014560088174,0,0.0004497821,0.9995502,0,0.014115358,0.98588467
rooxxy i ve got tonne over here going to have to donate some i think i just can t eat any more,0,0,0.18123209725228107,0.8187679027477189,0,0.00058812683,0.9994119,0,0.016327709,0.98367226
i want to preface this by stating that i haven t gone to anyone about this nor have i attempted to get help realistically it s just my mind actively stopping me because in some sick and twisted way it belief that i m okay i m and currently enrolled at georgia southern a a freshman while i have struggled with mild depression in the past it all really started going downhill when i lost my dog in june of last year my dog had to be put down and it wa heartbreaking i had to watch my parent and sister cry while i sat there trying to be strong i let myself fall into that typical stereotype that men aren t supposed to cry i regret it i wish i had shown some emotion then but it s neither here nor there at this point what matter is that she had been in my life since i wa a kid i grew up with her and it felt like my world crumbled beneath the weight of her loss my girlfriend at the time helped me through it a lot and wa an enormous amount of help when it came to my happiness at the time it didn t last however i had reluctantly enrolled into college and honestly felt forced to go the first two week honestly weren t too bad i enjoyed my time and thought i would get through pretty easy then me and my now ex broke up this absolutely crushed me having my dog put down being practically forced into college and now i just got out of the first major relationship i ve had all within the span of month it wa such a slow but inevitable spiral into the worst depression i would ever face my ex and i would continue having contact with each other for the rest of that semester she tried to help me feel better but i got so much worse i no longer had a grasp on who i wa and wa just trying to stitch myself back together again i never got better i struggled for the rest of the semester my grade were awful and my physical health had declined a good bit a well when halloween rolled around i attempted to commit suicide i took about half a bottle of melatonin which wa me trying to attempt but obviously that wouldn t work because it s melatonin i wa a dumbass who wa desperately trying to end it all with anything i could get my hand on well i lived then november passed and it wa finally december a month i enjoy because of it s stress free nature around this time my ex and i were actually recuperating we both still had feeling for each other while we never got back together december wa actually nice and i felt happy for the first time in a while then december ended and the new year came along i wanted to focus solely on bettering myself and although my ex and i were starting to somewhat get along again i wanted to cut off all contact i wasn t good for her and she wasn t good for me or that s what i believe to be true from then on i focused on myself i tried to be more sociable and tried to express my feeling more often to my friend it wa working kind of towards the end of january i attempted again at the time i felt like i had made no progress and i thought i wa stuck being a bad person forever so i used some strong prescription pain killer don t remember the name i made it pill in and vomited something must ve clicked inside me because this wa a turning point the entirety of february wa pretty good i felt happy and i enjoyed so much of life i talked to my parent about not wanting to do college and the fact that i broke up with my ex yes it took me month to tell my parent i wa scared to they were understanding and said they d let me live there a long a i had a job i also explained to them that i wanted to do something else in life then what i previously had said to them i wa majoring in computer science because i really wanted to be a programmer but realized that i didn t actually enjoy it i had tried to do some coding on the side and i just didn t have fun with it what i did have fun with though wa disc golf it wa something that helped me feel better about myself because i wa constantly improving in particular i had started to take it seriously around the beginning of january and by the time i talked to my parent i felt really confident and wa thinking of going pro in the future they shut it down because it s rare to succeed in sport and if anything it would be up to luck after that entire conversation about me not being able to be who i wanted i had signed a lease to live with my sister down near the college since we both go there i did not have any intention of going to school for a second year because it wa not good for my mental health i even told my parent that i didn t want to continue college but they said that i have to because the rent where my sister and i are going to be living is too high to pay without a student loan now i m here reluctantly signing up for class next semester all while feeling i have no purpose in life my parent won t support my actually dream and would rather me find some 9 that ll at least keep me living paycheck to paycheck so i m struggling to really know who i am still while slowing piecing myself together in an attempt to better myself i m having a shitty time in college due to several thing dragging me downwards into depression my parent won t support me in what i actually want to do and are instead forcing me to do a second year of school i just don t have the energy or motivation to keep going everything is so extremely stressful right now and it s just been all one slow build up my self image ha absolutely plummeted and i m ashamed to really even go outside anymore because i hate the way i look i feel like i have absolutely no purpose anymore because of all the mixed message i m getting from my family the only thing i don t have right now that i want is a way out i have ibuprofen that i could overdose with but i ve looked it up and it seems too painful and it probably won t kill me i have a car that i could crash of course but i don t want to drag anyone else into this nor do i feel like it s reliable enough of a way out i could try to drown myself in the lake on campus but i ve already tried drowning myself in 0 0 and that didn t pan out well i just want something simple and effective i don t have the money unfortunately i haven t found the courage motivation to get a job i want this feeling to be gone i ll still try to work on myself but a this tightening in my chest get stronger and stronger each day i m not sure i ll make it,1,1,0.9996063578609926,0.9996063578609926,1,0.99990594,0.99990594,1,0.99399394,0.99399394
back to bed for me,0,0,0.06341655445394827,0.9365834455460518,0,0.0010508242,0.99894917,0,0.022348966,0.97765106
dtizzler and it took me my entire walk to the train station to undo it,0,0,0.13887290918377573,0.8611270908162243,0,0.00054133165,0.9994587,0,0.015609541,0.98439044
today s plan driving back to vienna spring cleaning in my flat,0,0,0.0940478012429262,0.9059521987570738,0,0.0004678571,0.99953216,0,0.014420827,0.9855792
this is my first reddit post also my first time sharing this information with anyone but i can t really keep it in anymore man so bear with me hopefully there s a psychiatrist out there that will read this and hit me with some world altering advice because there is absolutely no way in hell i will ever tell anyone especially not a doctor or psychiatrist what you are about to read but i really just need to get this out there first and foremost no im not going to kill myself let s get that out of the way but i do think im depressed i wa telling myself it wa just a life slump for a long time then i wa telling myself it wa just sadness from the slump now i ve literally been sad and thinking negatively of myself almost every day for like a year and i got ta talk about it with someone even if someone is this phone screen i ve always had major self esteem and confidence issue not really sure what it stem from but i have always felt inferior to those around me which btw i can not believe people live life happy with their appearance that is a blessing that people take for granted anyways ive done some research and educated myself with the science behind depression and i believe that over the past few year a mix of rapid lifestyle change and stress related event ha caused me to have depression the part that confuses me is that while my life is on the more stressful and busy side of thing i don t feel like it s a bad life to live i have wonderful friend family i have a great scholarship to a good school i do fun thing and go to party and drink i feel like an average person put in my shoe would be happy and excel if they had any drive or passion at all which i do not probably why i fuck everything up all the time it is common for me to have suicidal thought i really don t know why since in reality i wouldn t want to kill myself i may be a piece of shit but im not selfish nor do i like the pain of self harm i am self aware of these thought and i have attempted breathing and thought altering method to get rid of them but they pierce my heart and mind like a dagger it physically hurt they are not always about suicide but they are always very negative targeted at myself i just can t help staring out at the edge of that cliff wishing i had the nut to finally end it all sometimes i can t look at myself in the mirror because i know it ll lead me to thinking negatively about myself just at the sight of me and a sad a it is to say it i really just do not like myself i look in the mirror and want to smash it or rip my face off because of how ugly i am objectively and on paper i am not the worst looking guy im and im physically fit but holy shit i swear what i see in the mirror and what other people see when they look at me must be completely different there have been a few instance in recent month of people tell me im decent looking or im good looking or i have a nice body and i take the compliment and try and try to see it in myself but i just can t i literally can t i don t see it i don t know where you guy are looking but i truly don t see what you see okay it s not just about my appearance i find myself annoying and awkward i try to be a happy go lucky guy most of the time usually bringing conversation and a smile and sarcasm and even some humor sometimes but behind my smile is most commonly a frown im fucking annoying my thought scream at me at how what i just said is so stupid and i need to shut the fuck up why do i talk so much why would i ask that ect i talk too much sometimes i say thing i dont even mean or agree with just to say something i never know when to talk and when not to and it frustrates me a lot im volatile and irritable and ugh i fuck up most thing i do work school relationship you know how it go the classic poor me self pity i ruin everything type shpeal something about the way i wa made is just wrong i guess that s another one of those negative thought that repeat in my head a lot born wrong today i had the pleasure of envisioning myself fist fighting myself beating my own face in felt great honestly wish i could ve made it a reality i can t find happiness in any of the thing i used to enjoy ive gradually stopped all my hobby except for the gym which is where i take my anger out usually i have a lot of that i can t even sit through a movie without thinking what is the point of me doing this what is the point life feel numb pointless i go about my societal life just like everybody else i study work play sleep rarely but it all feel the same a gray bland mesh of nothing even something like eating delicious food i just don t get enjoyment anymore the best way i can explain how i feel is if im with people and someone make a joke that people laugh at of course i laugh but if nobody else laughed i would never know when to laugh honest opinion of myself i fucking suck im lazy and i lie all the time to keep up a persona of not being a sad downer hater fuck i constantly make poor decision and can t seem to learn from previous one im ugly the only thing im good at are mansplaining and making a fool of myself i say dumb shit and get shit on for it what kind of asshole ha the privilege and opportunity that i have and is still sad and lazy like this im the type of person that wa actually just wired wrong in the head and the fact that i try and try to be appreciative of my life and still can t disgust me to be honest i don t even know who i am a few month ago someone asked me what my hidden talent is i replied nothing i don t have one i really don t have a talent or something im good at and seeing people around me do amazing thing and then watching myself dig deeper and deeper into this rut really hurt i do not feel like this id say about 0 of the time i forget about all my stress and worry and appearance and fuck ups and im actually happy then when the happy go away i realize that whatever made me happy is so very temporary and it all come flooding back im just running around my mess of a life chasing those euphoric mindless high and happiness that seem to get weaker and shorter each time i find them the question i find myself asking often is why why am i doing this why do i feel this way why did i say that why did i do that why am i a certain way yadda yadda i am a realist i also truly believe there is no point to this life why do we all live such stressful unrewarding life putting all our effort in just to die and be forgotten forever i read comment on post like these saying that life is beautiful meet everyone you can experience nature get help it get better it can get better but the thing is no it can t everyone s situation is different i guess but where im at and what im doing nothing gon na change im not going anywhere even if i wa it wouldn t matter societal standing and fancy job position mean nothing human are not made equal everyone is different special in their own way therefore some people are biologically and factually better than others whether it s stronger larger smarter faster people are different and some trait are preferable i just happened to get stuck with the trait that make me fucking suck at life no amount of meditation or antidepressant fuck big pharm is going to change who i am people don t change painting a leopard red doesn t remove his spot it just hide them temporarily well it s and im going to the gym at and then lecture after that so i guess i should sleep a few hour so my motor function stay working so i can keep going on in this endless cycle of pointless effort thanks for hearing my ted talk wish me luck on my chemistry exam good night all lt,1,1,0.999894470030121,0.999894470030121,1,0.99990547,0.99990547,1,0.9939772,0.9939772
i so hate homework my head hurt so bad,0,0,0.13870726533267122,0.8612927346673288,0,0.000603376,0.9993966,0,0.016555933,0.9834441
yummy pizza for dinner top of mouth burnt now though,0,0,0.06373698171540679,0.9362630182845932,0,0.00049252,0.9995075,0,0.0148289185,0.9851711
emmavieceli aw no get better soon have honey and lemon drink,0,0,0.21407053578336618,0.7859294642166338,0,0.0005214476,0.9994786,0,0.015295672,0.9847043
home with the flu ahhh suxz well and tired will go to sleep in about an hour or so goodnites,0,0,0.08657970448151249,0.9134202955184875,0,0.0005228713,0.99947715,0,0.015318332,0.98468167
phillyd wishing you the best lt,0,0,0.07000864017957795,0.929991359820422,0,0.00058555364,0.99941444,0,0.016288927,0.98371106
today i had an important college presentation to do but since last night i ve been so dead feel like with my brain my body ha also given up i have to pull myself together to even get out of bed i had to wake up early today and i did but i just couldn t leave my bed i wa cry so much the whole night for no specific reason i decided not to go and explained my partner that i won t make it i told them how i wa feeling funnily they re my best friend who were doing the presentation w me one of them said i didn t have the ball to just say it straight to their face that i just don t want to go because i m being lazy or whatever it hurt me so much how do i explain this to them it make me feel like i m good for nothing i feel like a piece of shit for not doing thing i should be doing everyday it keep on getting worse for me i tried therapy but it just expensive and doesn t work for me plus i always have this stress of spending so much on therapy being a student if this is how it going to be like then i don t even wan na carry on lmao i d rather just kill myself but i can t do that also because i m such a coward and always think about the consequence of my action and how other people would have to deal w it the shame that my parent will have to face i have so much fear and anxiety it so difficult to survive,1,1,0.9903945133881428,0.9903945133881428,1,0.9999052,0.9999052,1,0.993968,0.993968
ha a math examen at o clock,0,0,0.13262671784492144,0.8673732821550786,0,0.00055415183,0.99944586,0,0.01580908,0.98419094
kushaltweetz guddha musko thammudu already depression loki going http t co wchqiqiwk,1,1,0.9907179152176872,0.9907179152176872,1,0.99985135,0.99985135,1,0.9922815,0.9922815
in the last 0 day i lost the love of my life my home my cat my job and my will to live today i got covid so now i cant even look for a new job so i ll lose the new apartment got no friend some family but they dont care i m out of reason to continue help,1,1,0.755291016328327,0.755291016328327,1,0.99984336,0.99984336,1,0.9920587,0.9920587
just joined twitter and doesnt know anyone yet,0,0,0.1913028552880126,0.8086971447119874,0,0.0030670827,0.9969329,0,0.039656356,0.96034366
going for a shower amp brush my teeth don t wan na go to work,0,0,0.11756360121588366,0.8824363987841164,0,0.00057426485,0.9994257,0,0.016117834,0.9838822
i hold a lot of pain and trauma in me and i m not good at sharing it with others except for a very select few i have started therapy recently sometimes this pain really take control of me almost put me in a black hole where i can t stop and it take a big toll on me and those closest to me mentally therefore i am hurting the people i love most in my life and the pain only get worse i wish i can stop but i get so deep in this hole for that moment of time and i can t escape it when i realize how awful i have been to everyone else it s too late the damage ha been done they understand my trauma and what i been through but people can only handle so much i don t want to hurt those around me anymore what are the best tip to stop or just improve over time thank you,1,1,0.9517176686794111,0.9517176686794111,1,0.9999019,0.9999019,1,0.99385345,0.99385345
simple holding gun to head purposely overdosing and ending up in the hospital more complex standing in the kitchen holding a knife searching the house for anti nausea pill to keep down the rest of the pill writing contact info on a sticky note to keep on your person so the cop can identify the body when doe one cross that line what defines a crisis,1,0,0.4530748019773821,0.546925198022618,1,0.999887,0.999887,1,0.99335796,0.99335796
mrskutcher i wa just thinking that today how deprssing it all is make u appreciate life more,0,1,0.5851384786040231,0.5851384786040231,0,0.000652964,0.99934703,0,0.017280098,0.9827199
computer internet is hating me tonight i swear and i can t find my usb cord for my sidekick,0,0,0.07706884017141004,0.92293115982859,0,0.000606654,0.99939334,0,0.016604641,0.98339534
my dad call me immature when i have anxiety attack he swears and scream at my mom point at me and hovers over me when he yell and threatens to beat me if i don t somehow cure my mental illness i needed real help for a real problem and he sent me to a pseudoscientific hypnotherapist just because his friend went there i need help that doesn t make me a baby,1,1,0.7953188623088422,0.7953188623088422,1,0.99989784,0.99989784,1,0.9937131,0.9937131
i m not going to make it after school won t pas and be stuck there i think going out is hurting me i do thing and when i get back home i think it over and think what a failure i am i say something or do something and then i think everyone is gon na laugh thing is i ve got year before i leave school but i m still worrying i m worrying that my friend will leave after the mandatory time needing to spend with me even if i do go out with them more because it s spring i m worrying that this isn t my lowest point my mom already ha anxiety and depression and my dad who is an arsehole is moving out and i m just gon na leave her for the rest of her life however long that is the title is a tiny lie though i hope my mom carry on when i m gone i hope she carry on with the memory or just forgets me entirely so she doe need the grief without me i ve never told anyone except just a few joke with my friend and i don t think they caught on this one time i written a suicide note in my memo but i m so stupid i can t tie a noose not even a shoelace only thing i m good at is writing my handwriting is terrible look like a preschooler written it and i can t even join it up i came on here because i couldn t find anything to cut with and i can t go downstairs to get something it got a bit of the weight crushing my chest off but there is still some,1,1,0.978394108572744,0.978394108572744,1,0.9999075,0.9999075,1,0.9940487,0.9940487
off to work,0,0,0.03980515282792587,0.9601948471720742,0,0.00076816115,0.9992318,0,0.01886914,0.98113084
ughhhhh i so didn t see that coming on house ilu bb,0,0,0.1162717510492372,0.8837282489507627,0,0.00052643876,0.9994736,0,0.015374967,0.98462504
gmg 00 lol omg don t tempt me i just started p90 hour ago i need to at least be good for a day shoulda asked me yesterday,0,0,0.19604804201150683,0.8039519579884932,0,0.0005862469,0.9994137,0,0.01629938,0.98370063
i feel like when i m drunk i act like everyone else around me doe sober and i hate it like i ll talk more il feel more confident in myself everything in my existence will feel worth living,1,1,0.9495067906372615,0.9495067906372615,1,0.99989307,0.99989307,1,0.99355644,0.99355644
picked mich st to win it all from the get go wa feeling pretty good about that pick all the way up until tonight a s lost too,0,0,0.41660352386194627,0.5833964761380537,0,0.00059098104,0.999409,0,0.01637063,0.98362935
greyhoundgal omg front page i d be so excited congratulation sorry about torres hurting his paw tho is that your dog,0,0,0.07853270128252858,0.9214672987174715,0,0.0005101689,0.99948984,0,0.015115154,0.98488486
i ve struggled with anxiety and depression since i wa a teenager i m now so it s been about 0 year of dealing with my silly little brain i first started taking zoloft back in maybe 0 maybe before then but i took the pill for several year last september i started noticing an increase of suicidal thought this can happen with ssri i believe i think the zoloft just stopped working for my brain and body so i stopped cold turkey i didn t have any major issue please don t comment the risk i know what they are and i m doing okay now for a few month i wa fine i could feel my feeling again feel my emotion and it wa kinda nice i felt almost free but after awhile i think all of the zoloft build up left my body sound weird but hear me out and i started feeling a bad a i did when i wa a teen health anxiety er trip panic attack daily so even though i do badly wanted to try to make it without medication i couldn t do it and that is okay for about month i ve been on lexapro and it s been helping the anxiety here s the revelation i had so i have only been on one other ssri in my life so i never realized this but holy fuck i finally understand what people mean when they say that medication almost completely numbs your emotion i can t remember the last time i cried and i usually cry a lot a an emotional person i feel very neutral i don t feel nothing but i don t feel the way i did unmedicated i think there will always be pro and con to medication but damn i finally after a decade understand what this medication doe it help but it also kinda turn you into an emotionless machine weird,1,1,0.9982128917408487,0.9982128917408487,1,0.9999064,0.9999064,1,0.9940089,0.9940089
i know it s getting to a low point again i don t want to leave my bed my grade are low my mom is worried and if she doesn t bring me food to my room i would eat i can t shower i can t help myself from sleeping i told my boyfriend and i feel like he is not here for me not with this depression stuff i don t want to do all i do is cry and sleep i m so tired and i don t even move to go to the bathroom i hate being in this loop i just hate everything and i don t want to talk to anyone but i know i need help i thought i wa doing better but i m at my lowest again,1,1,0.9878984058174531,0.9878984058174531,1,0.9999032,0.9999032,1,0.99389875,0.99389875
whenever i m about to fall down in the dump i start having a very very intense feeling of disgust everyone and everything feel gross to me i start hating my mother s laugh and voice i hate every smell i start hating myself even more i feel gross when i look at the mirror i want to hide and i wish i were dead everything feel bigger and more detailed i start eating like a pig and feel horrible ha someone felt this way do you know how to snap out of it it s better when i m just tired of everything not grossed out i m tired of this stuff,1,1,0.8983884731517353,0.8983884731517353,1,0.99989164,0.99989164,1,0.9935098,0.9935098
paulieseow hahahahahah i can easily make ice milo but it just not the same,0,0,0.1977211438232874,0.8022788561767126,0,0.00058231864,0.99941766,0,0.01624006,0.98375994
where s derrick http ff im xwxs,0,0,0.192380088347002,0.8076199116529981,0,0.00078013074,0.9992199,0,0.01902764,0.98097235
wake up in paris but it s grey need more sun,0,0,0.11352992576098225,0.8864700742390177,0,0.00051044644,0.99948955,0,0.015119619,0.9848804
if you were to open my head you d see happiness and 9 pain that is my smile and laughter the 9 is just regret smh ing anger stress and depression,1,1,0.8913029684003786,0.8913029684003786,1,0.99989533,0.99989533,1,0.9936325,0.9936325
tried to download tweetdeck but it wont download,0,0,0.09085770031352323,0.9091422996864768,0,0.0005795818,0.9994204,0,0.016198607,0.98380136
i already called in yesterday for work i wa up all night laying here just awake counting down the hour to work wa so exhausted by the time work came around that i called in and even then i couldn t sleep it s now 0 pm and i ve gotten under an hour of sleep in the last 0 hr i m starting to worry a bit this month ha been so hard for me i literally almost walked into traffic on the way to work last week been cry so much i m so alone and it really scare me because i m going through all of this by myself,1,1,0.5112143160272342,0.5112143160272342,1,0.9998977,0.9998977,1,0.9937099,0.9937099
it s 0pm early day in a looooooong night at work,0,0,0.042334345931481915,0.9576656540685181,0,0.0005508245,0.9994492,0,0.0157575,0.9842425
kariajay all this time you didn t notice i wa gone just needed db is it,0,0,0.3115822387199481,0.6884177612800519,0,0.00051799696,0.999482,0,0.015240633,0.9847594
i f met my girlfriend on a game called genshin impact she is amazing really kind to me and is the first person who ha made me feel loved in a really long time the problem is that i still deal with suicidal thought worse now than any point before in my life and what hurt all the more is that i don t want to disappear from her i quite frequently find myself cry because of the thought of her losing me i ve felt incredibly lonely for most of my life that i can remember i used to feel like nobody would miss me if i died now i know there s someone who would really miss me and it hurt a lot i don t want to talk to her about this mainly because i feel like my bad mental health already affect her too much and i really don t like making her upset i wa on the verge of getting to therapy but then money trouble hit my family i feel hopeless and i wish i didn t meet her so i could just end it without feeling terrible,1,1,0.9894418881475393,0.9894418881475393,1,0.9999039,0.9999039,1,0.99392325,0.99392325
doesn t want to go college want to cuddle my babyyy,0,0,0.3155176286824179,0.684482371317582,0,0.00058905385,0.9994109,0,0.016341662,0.9836583
dil shikastagi isn t quite the same a depression but nice word nonetheless very apt for me,1,1,0.8034429064246572,0.8034429064246572,1,0.99982953,0.99982953,1,0.991683,0.991683
we re here to help we are online therapy platform which essentially connects certified psychologist and people suffering from mental health issue such a depression stress and anxiety among dozen of other clinically defined disorder book your appointment now http t co f ayloznc,1,1,0.9612446856290549,0.9612446856290549,1,0.9999014,0.9999014,1,0.9938368,0.9938368
one of the greatest healer of depression is thanksgiving be thankfuk today,1,1,0.8645169023486631,0.8645169023486631,1,0.9997973,0.9997973,1,0.9908557,0.9908557
hello idk what to do anymore my dick is fucking broken and i can t feel it anymore look up hard flaccid if you want to know it i hatey life now have little sexual interest and feel worthless idk if i ever can have fun with sex again and i m still only 0 i had my life to live but it seems over also i have some fucked up familiy and mental health problem i don t wvtn know where i ll be next year all my goal and ambition are lost i just want to end the pain is there any easy and minimal pain way to die,1,1,0.9856091125317195,0.9856091125317195,1,0.99990153,0.99990153,1,0.993842,0.993842
these few day my mother ha been telling me how much of a disappointment i am and i totally agree with her i only bring bad energy in the house and i always mess something up for the year i ve been alive i haven t made positive impact on my mother life or society i wan na die,1,1,0.8156707131747369,0.8156707131747369,1,0.99989283,0.99989283,1,0.99354976,0.99354976
i want to know how to stop anxiety while waiting whenever i have a guest coming over wether it be a friend or family or someone im interested in i get severe anxiety from the moment they say on my way to the moment they arrive i feel hot all over i want to throw up and cry and use the bathroom and then a soon a they arrive and i see them im fine for example i called the man im interested in over for a booty call he life an hour away so at 0 0 he texted me he wa coming for an hour i wa asking my sister should i cancel i want to see him but i m anxious and for that entire hour i wa freaking out the only thing that helped wa sitting in the cold drive way and breathing in the night air and then a soon a he arrived i wa fine absolutely perfect similar happened while i waited for guest to arrive to a house party i wa throwing i need help i am on med and in therapy anything help,1,1,0.9405388576667473,0.9405388576667473,1,0.9999082,0.9999082,1,0.99407166,0.99407166
i activated my selfcontrol block early meaning i can t check out the new qc regularizing my internal clock is might be difficult fb,0,0,0.15699373083589366,0.8430062691641064,0,0.0013789416,0.99862105,0,0.025870057,0.9741299
so last night i wa up for hour trying to reset my sleep schedule since i had been going to sleep around am and waking up around pm i still wasn t that tired last night around 0 pm so i smoked some weed a i usually do every night i started hallucinating while making my bed seeing hand grab for me when i tucked the blanket it i tried to convince myself it wasn t real but i wa really freaking out so i went up stair and tried to just chill and find something to eat at this point my mind is racing and i can t think straight and i m wondering what is wrong with me and that s when i realized my heart wa racing like beating out of my chest i quickly pulled out my stopwatch to take my pulse because lately when i get anxious my heart rate get to about 0 my whole body is shaking and i m trying to count every beat for second but i got to second and my count wa already at 0 the stopwatch on my phone looked like it glitched and my knee went weak i thought i wa going to pas out so i freaked out and ran to my dad for him to take my pulse just in case i wa just buggin and just thought my heart rate wa crazy nope it wa resting at a i laid in my dad bed for about 0 minute shaking and cry i couldn t even get my breathing under control because i wa shaking so bad i couldn t voluntarily move needle to say i m going back on anxiety med sleeping more and never smoking weed again and i m gon na start seeing a cardiologist,1,1,0.9111175774080253,0.9111175774080253,1,0.9999045,0.9999045,1,0.99394506,0.99394506
it is snowing in tennessee too,0,0,0.08324406429712015,0.9167559357028798,0,0.0006146919,0.9993853,0,0.01672356,0.9832764
my baby s heading for perth,0,0,0.07949224402722396,0.920507755972776,0,0.0006024715,0.9993975,0,0.016542476,0.9834575
twitter please fix this http sp ro b bdb because it brake all external twitter avatar search,0,0,0.09306293868960713,0.9069370613103929,0,0.0011292611,0.99887073,0,0.023233267,0.9767667
m three year ago i broke both bone in my right arm and needed surgery they screwed in a metal plate between both bone to keep everything together well yesterday i fell during gym class braced myself for the fall and ended up fracturing my ulnar went in to the doctor and got an x ray that showed the fracture wa right on one of the screw now i have to see the surgeon from year ago to see what he say what do i do im so done with this mess i can t take it much longer i really want to km,1,1,0.7457505276449,0.7457505276449,1,0.99989927,0.99989927,1,0.9937628,0.9937628
i ve been struggling with motivation to do anything work related for the last month or so because i m depressed a a result i m super far behind on a lot of stuff my manager hasn t really noticed because i ll get the thing done that they need but i m in a really bad place mentally this week and i have done almost no work on a big project that i need to finish by tomorrow i ve been debating going out on fmla for the last few week but i have to use up all of my vacation time if i do go out i ve been seeing a therapist weekly and i ve been on wellbutrin for a month my doctor just increased my dosage yesterday it really hasn t done much for me up to this point do i just take fmla until i get my depression under control i feel like i m stuck between a rock and a hard place i hate disappointing people but this depression is debilitating i m also really scared to even start the process for fmla,1,1,0.97684933942362,0.97684933942362,1,0.9999051,0.9999051,1,0.9939628,0.9939628
at university of hawaii s hamilton library doing hw drinking orange soda,0,0,0.11195901376940423,0.8880409862305958,0,0.00077992736,0.9992201,0,0.01902496,0.98097503
listen to jonas brother i love this band but i come from germany and i can t see them,0,0,0.10966255373398434,0.8903374462660156,0,0.00057424186,0.99942577,0,0.016117485,0.9838825
i tried to make my dream come true trying to make the law school thing work but it just won t happen i just wanted to succeed in law so bad but after the constant humiliation inability to compete with my peer and lack of a discernable future i ve realized i m not intelligent enough to succeed alcohol ha taken over my life recently trying to runaway from all the failure ha me in a drunken stooper most night so a would obviously follow im just thinking about escaping this world leaving it all behind and doing so in a responsible way in which only i would be harmed i m just not cut out for this world i know this with certainty i ve seen enough of life to where i just know im not strong enough to withstand it s horror i want this world to no longer have to deal with me i want no one to ever have to know me,1,1,0.834728025872077,0.834728025872077,1,0.9999039,0.9999039,1,0.99392235,0.99392235
up early my stomache is acting funny,0,0,0.14587592247816122,0.8541240775218388,0,0.000475159,0.99952483,0,0.0145426635,0.98545736
even the most basic task are super difficult to do this is most likely going to be my final week on this shitty planet and it s most certainly going to be my final post,1,0,0.3280453990871964,0.6719546009128037,0,0.14204308,0.8579569,0,0.27072325,0.7292768
i m not valued in my work at school at home i have never been valued to my friend while one of my closest friend thanks one of my other friend while i feel worthless nobody remembers my birthday no one care about my feeling in real life and i m always the one organizing almost every meet up if i were dead people would mourn for a day and forget about me because i dont matter if i did matter people would hire me more hang out with me and make an effort to be my friend im done with this crap i might do it tonight or tomorrow because this is too much for me i guess i m just god laughing stock,1,1,0.9050972943420614,0.9050972943420614,1,0.9999027,0.9999027,1,0.99388134,0.99388134
enterbelladonna i dunno how to use the forum and i get frustrated with it i ll miss talking to you on here,0,0,0.08709644185616341,0.9129035581438366,0,0.000589479,0.9994105,0,0.016348053,0.98365194
gripping agreed love the sound but hate how everyone know them,0,0,0.32132428721637096,0.678675712783629,0,0.004413558,0.99558645,0,0.048073754,0.95192623
kal penn ok well i think i just got a spoiler for this episode i haven t seen it yet i m in the uk gutted now,0,0,0.0666714909192289,0.9333285090807711,0,0.0005277092,0.9994723,0,0.015395107,0.9846049
i have got work related anxiety and having a tough time to understand if i should leave this job project and join another company or project why this decision is to be made i am kinda the wiz kid in the project who know everything and everyone is kind of dependent on me which put me in a spot where i can fail alot i am trying to decide what is the right thing to do i am in therapy a well i get triggered whenever i think about work and now it ha become something that happens whenever i think of some big decision i have developed fear of stuff which i never had like height or crossing the road i do cross the road but it take a lot of time i hope the advice i get from this sub reddit will be helpful and help me decide because mental is first,1,1,0.9064773582729253,0.9064773582729253,1,0.9999049,0.9999049,1,0.9939559,0.9939559
skinnylatte it a great article but quite sad we are the saddest pinnacle of evolution,0,0,0.09156768637213412,0.9084323136278659,0,0.0005727663,0.99942726,0,0.016095012,0.98390496
title i am currently looking at getting onto med for my anxiety and am exploring option for telehealth my goal is to get on them a soon a possible along with going to a therapist to engage in cbt doe anyone here have suggestion for solid telehealth platform ideally i would not have to wait that long to see a doctor so that i can receive med in a timely manner and i do not have to pay an arm and a leg for the appointment with that being said i am ok with spending a little extra if it mean that i am able to get into an appointment quicker i have been looking at cerebral hims and other various telehealth service which i can not remember at this moment doe anyone have suggestion on one that can provide timely service i am ok with paying money for a monthly appointment if it mean that i can get med but ideally i would get on med a soon a possible and then go to an irl mental health counselor and get med from them thanks,1,1,0.789034528066767,0.789034528066767,1,0.9999062,0.9999062,1,0.99399924,0.99399924
have the perfect combo of cash and depression to go for an absurdly long tattoo session tomorrow sorry to my artist,1,1,0.5150778062563274,0.5150778062563274,1,0.9998518,0.9998518,1,0.99229527,0.99229527
duchess rebecca man intervention is soo sad,0,0,0.06359585043197247,0.9364041495680275,0,0.0005419698,0.999458,0,0.015619525,0.9843805
lfta got me what again i m sorry i can t understand ur last tweet,0,0,0.058874986916390815,0.9411250130836092,0,0.0005446448,0.99945533,0,0.015661318,0.9843387
ispahanjahane la psychologue dupont marie estelle a trait ce sujet sans oublier la d pression le id e noires,1,1,0.6132059101749692,0.6132059101749692,1,0.99916375,0.99916375,1,0.980243,0.980243
love is a joke with no punch line,0,0,0.09963242638581801,0.900367573614182,0,0.00058692513,0.9994131,0,0.016309606,0.9836904
ha someone ever found their anxiety and depression to be directly related to some vitamin deficiency i wa thinking about what i could actually fix from my side without having to go see a psychologist etc and i realized that i m missing iron folic acid magnesium d and b it s been year but i can not take some of them because they severely hurt my stomach i wa think about having injection done by a naturopathic doctor ha anyone ever tried it if yes did it help,1,1,0.9460236171430685,0.9460236171430685,1,0.999902,0.999902,1,0.99385685,0.99385685
im just a little bit bored down here in warrnambool only so many animal docos you can handle,0,0,0.17426503766110069,0.8257349623388993,0,0.0008831885,0.99911684,0,0.020347765,0.9796522
so at the place where i work we had a new girl started off okay work got crazy and we were under the impression she had it under control question were minimal she seemed okay then she wa out sick and we had to take over her desk and long story short there were several thing found that made her a liability and could possibly get u sued by our customer thankfully all thing were corrected and we re okay but now they want to fire her it wa decided that she s out a soon a she s ready to come back from being sick i feel so bad and anxious about this which i voiced to my supervisor who happens to be my mom i said that i didn t feel bad she wa being fired because she deserves it for the huge mistake she s repeatedly been making i feel bad because she s at home having a hard time allegedly but think that she still ha a job like if that wa me i d probably never recover i noticed this anxiety ha me wondering if my relationship is happening the same way where i ll find out later with seemingly no warning that it s not okay and i m fired it s just so hard and i feel so bad but a much a i try to distance myself i can t and i don t know how to make this stop,1,1,0.9145245846961405,0.9145245846961405,1,0.99990547,0.99990547,1,0.9939757,0.9939757
since i wa diagnosed with depression my mother pretty much didn t care about the case that i have it every time i try to approach to her and like to talk about my problem she just groan annoyed about it and tell me to be more positive no deep conversation no sight of empathie only typical standard bullshit phrase every person would say who never had it and can t understand it i went through some ruff shit and after everything that happend i just get those bland annoyed response from the person who gave birth to me,1,1,0.9653175558835316,0.9653175558835316,1,0.9999043,0.9999043,1,0.9939335,0.9939335
doe anyone else feel this way too during an attack it will come on like a rush out of nowhere no trigger that i m feeling for instance whenever i go to like target or walmart i tend to get this it s almost like an overwhelming feeling and feeling faint i never seem to be able to finish my shopping fully due to this because i just want to go checkout a soon a this wave come on i hate this so much,1,1,0.8476044615533933,0.8476044615533933,1,0.99989355,0.99989355,1,0.99357325,0.99357325
smugness gone my train also failed to turn up so i m heading for victoria followed by an unpleasant tube ride to the city,0,0,0.1818870365939119,0.8181129634060881,0,0.0005711387,0.99942887,0,0.01607018,0.9839298
i cant do this i just cant anymore i wan na be happy again im dealing with lot rn ever since i watched some verg graphic gore smoked weed had dpdr researched solipsism it all too much for me i wan na be happy again i just cant see the world the same anymore but i want to please someone help ive had this kind of depression for year it come and go i hadnt had any kind of major depression tho for a while this doesnt feel like itll go away i rly need to know and make sure itll go away because i just cant especially at night thats when it get rly bad i just don t know what to do this doesn t feel like it ll ever go away please please help im desperate,1,1,0.9620086188780721,0.9620086188780721,1,0.9999045,0.9999045,1,0.9939446,0.9939446
i just need to vent a little i think it s upsetting to be a student who know the answer to your professor s question a student who want to engage in discussion but also a student unable to do so because of this silly little thing called anxiety cowardice even a i ve been told it s been an uphill battle ever since i started highschool my grade have always been decent but they re never a good a they can get because i can t speak up in class i know the answer and when i don t i can make intellectual guess not that i m boasting but it s something that i know would be well within my capability if i weren t so scared all the time whenever i m called on to recite it take everything in me to keep the shakiness out of my voice in the online set up even if the question being asked is a simple how wa your weekend i stutter and shake and sweat a if my life is on the line during face to face class i would visibly shake in front of the class and i ve lost so many point time and time again because of that the embarrassment and humiliation even if no one laugh or pick fun at me outwardly burn so badly i guess it s doubly upsetting because i ve been told that i just have no goal in life and because of that i can t bring myself to prepare for anything then proceed to cry and complain about it when i m unable to answer a question or perform well you deserve it if you re not going to do anything about it is it my fault wa being so anxious that my mind would go blank at every question a choice i do try i don t back out when i have to speak in front of the class i try my best to pretend that i m not terrified out of my wit i ve joined a quiz bee or two even if i could never bring myself to compete further than that and i want to do more i don t want the people who say i m wasting opportunity wasting my life to be right in the end maybe it s hard to believe but it s just so tiring when you see everyone around you breeze by an obstacle that you need to spend hour and day on just to overcome imagine that hyping yourself up to do a thing accomplishing it telling someone about it casually only for them to throw it back in your face because you couldn t do better than that ah what a mess,1,1,0.9898289827412734,0.9898289827412734,1,0.99990714,0.99990714,1,0.99403304,0.99403304
etoro the worst thing man utd can do is offer him a new deal to match his financial demand pogba is a virus hence his partnership with raoila all they want is money once they don t get it they start the noise about football depression bla bla,1,1,0.6341729559524869,0.6341729559524869,1,0.99989665,0.99989665,1,0.9936765,0.9936765
i cant eat over 00 calorie ori feel horrible and i lost kg in a few week but my parent didnt notice until recently now they scream at me wheneber i dont eat and threaten to kill me and throw sfuff at me im sitting in a cornee cry afzer my dad threw his bag at me and called me a disgusting skinny bitch my mom is now saying she ha arrhythmia because of my made up problem i have mo one to talk to i have no friend and feel like just killing myself,1,1,0.7440150075266097,0.7440150075266097,1,0.99988747,0.99988747,1,0.9933717,0.9933717
doe not know how he got home last night,0,0,0.2634638053530098,0.7365361946469902,0,0.00052610657,0.99947387,0,0.015369707,0.9846303
doing make up shit,0,0,0.4214642986783669,0.5785357013216331,0,0.0022990971,0.9977009,0,0.034017455,0.96598256
it s ironic and funny even that when i m feeling so angry and alone and after every professional that i ve seen said there s always people who ll listen to your problem the one time i try to actually reach out to them they never answered,1,1,0.8194623624495465,0.8194623624495465,1,0.99984086,0.99984086,1,0.9919906,0.9919906
moony 9 huggggs i m glad you re here to help me through this he wa my favourite character the white house suck for stealing him,0,0,0.15338666003649418,0.8466133399635059,0,0.0005189691,0.999481,0,0.015256155,0.98474383
gon na probably be really long im sorry since saturday i have a really horrible fucking mood i can not explain tomorrow i have to study chemistry i have a test on friday go to my therapist which make me cry so fucking hard and is probably one of the major reason why i want to end myself the thing is i cant fucking do it im too scared of death but i feel like i just cant escape i just want to be fucking normal my problem are fucking bizzare and they ruin my whole life but yeah i wan na keep them to myself and wait but then i feel like my whole life ruined but i cant km it just all so fucked up and idk what to do i also have no friend and no way of finding any so that just make it worse in the end im just so fucking confused idk what to do thanks for reading this if anyone did ig,1,1,0.9665735397258651,0.9665735397258651,1,0.999902,0.999902,1,0.9938558,0.9938558
seeing that shouldnt have made my stomach flip like it did,0,0,0.23126054245105868,0.7687394575489414,0,0.023110472,0.97688955,0,0.11274097,0.887259
it could be something you saw you heard you did anything go it may not be good enough for you but i still wan na hear it so please please share,1,0,0.43166143520127453,0.5683385647987255,1,0.9990007,0.9990007,1,0.9782492,0.9782492
benjaminreid your internet still down o,0,0,0.061719471091038786,0.9382805289089612,0,0.00059052353,0.9994095,0,0.016363766,0.98363626
i am not a fan of sleeping alone baby boo,0,0,0.09906400529385483,0.9009359947061452,0,0.0005785043,0.9994215,0,0.016182264,0.98381776
fuck myself fuck life fuck people fuck society fuck everything because fuck fuck fuck all of this bullshit i would ve never fucking chosen life why am i expected to live it fuck just fuck all of this,1,1,0.7428104214776025,0.7428104214776025,1,0.9998772,0.9998772,1,0.99304855,0.99304855
jonnyfx no article on the fact his home wa robbed while he wa at the game and his kid where at home or about his battle with depression nope let twist his one quote about not winning trohpies to drive more hatred journalism these day if you could call it that sickens me,1,1,0.68604998076335,0.68604998076335,1,0.999902,0.999902,1,0.99385554,0.99385554
stustone your show is whack way worse than whack it s wiggety whack,0,0,0.33221233515272947,0.6677876648472705,0,0.000475393,0.9995246,0,0.014546552,0.9854534
doing some architectural modeling for a change now going smooth so far intuos m is looking very tempting can t get one yet,0,0,0.17308869425646714,0.8269113057435329,0,0.0012870228,0.99871296,0,0.024927976,0.975072
need some feedback if it s just me amp im insecure or if some of these girl are getting out of hand i m a year old girl whose instagram feed look like wan na be influencers i can t deal with how many picture they re putting out there on top of how edited they are it drive me insane because it make me feel so unattractive but then i remember these girl are smoothing their skin lightening their eye whitening their teeth modifying their body etc should i delete instagram cause i honestly don t know what else to do at this point it s deteriorating me,1,1,0.6469487751106473,0.6469487751106473,1,0.99990284,0.99990284,1,0.99388546,0.99388546
i need sims gaah,0,0,0.11302834308993821,0.8869716569100617,0,0.00062342547,0.9993766,0,0.016851958,0.98314804
enough the depression message in a bottle and the very first night streaming party starting now http t co fqjbmbhawg,1,1,0.9164482143394045,0.9164482143394045,1,0.9998198,0.9998198,1,0.99142694,0.99142694
i went to the doctor for the first time in my life for my severe anxiety and a the title say this is what he prescribed me and also zoloft mg i m fine taking the zoloft probably need it but i just don t know how comfortable i am taking the metoprol just from what i ve read and people s experience on it and trying to get off of it my heart rate really go up in the shower and most thing i do but here lately i ve barely gotten out of bed for the past week and a half cause i m just so scared of having a heart attack i m it get so bad in the shower that i become dizzy and nauseous and usually have to lay down for a bit after one i think it all ha to do with my mental health and i just don t see the point of taking the risk of all that horrible stuff i ve heard about metoprol plus on top of it now that i know all those side effect and stuff like that they will never leave me head i just feel trapped and idk what to do trapped by my own mind and body im not sure if i m just horribly out of shape i barely move except for going to grocery store or doing the dish or laundry besides that i m on my bum on youtube or netflix ect so will just trying to move more and get past that heart attack fear be more beneficial than taking the metoprol or should i trust my doctor and take it for week until my next appointment i just don t know what to do any advice would be greatly appreciated,1,1,0.9916741907323204,0.9916741907323204,1,0.9999049,0.9999049,1,0.99395496,0.99395496
stephenkruiser sorry to hear about your dog,0,0,0.07347754154843705,0.926522458451563,0,0.0005228178,0.9994772,0,0.015317477,0.9846825
i ve been having this for a few day doe anybody know of this is from anxiety my hearth is normal but i ve been having headache and chest pain too,1,1,0.8229549395400766,0.8229549395400766,1,0.99985194,0.99985194,1,0.99230003,0.99230003
i m not sure what i want anymore out of my life it all ha seemed to just blend into one recently and everything that i reach out to to find a sense of drive encouragement seems to be so far away it all feel like i m wandering about looking for something anything to give me a sense of meaning anymore but it just feel like i m just going in circle i just feel lonely at this point,1,1,0.9372883769230903,0.9372883769230903,1,0.9998977,0.9998977,1,0.99371135,0.99371135
working at home,0,0,0.08203449276614003,0.91796550723386,0,0.00079965603,0.99920034,0,0.019283757,0.9807162
legit i am yet i wan na end it bad parent not my other one tho there good friend don t even care and only talk to me if i talk to them yeah and i m trans i didn t ask to be born male did i fuck it,1,1,0.7945406612853891,0.7945406612853891,1,0.999848,0.999848,1,0.9921881,0.9921881
the one day i really need to go into school and i m not well,0,0,0.2053432755846974,0.7946567244153027,0,0.0021948968,0.9978051,0,0.033185735,0.9668143
